feature,correlacao_raw,correlacao_log,tipo,coluna_origem,correlacao_usada,abs_correlacao_usada,possivel_vazamento_target
item__valorTotalReferencia,0.8230256924246367,0.16334492592503475,numerica,item__valorTotalReferencia,0.8230256924246367,0.8230256924246367,True
agg__itensVencedores__valorTotalReferencia__mean,0.7945859031277894,0.15197736208823334,numerica,agg__itensVencedores__valorTotalReferencia__mean,0.7945859031277894,0.7945859031277894,True
agg__itensVencedores__valorTotalReferencia__min,0.7614915774326271,0.12163678957940768,numerica,agg__itensVencedores__valorTotalReferencia__min,0.7614915774326271,0.7614915774326271,True
agg__contratos__valor__min,0.750431289419867,0.13970947866287872,numerica,agg__contratos__valor__min,0.750431289419867,0.750431289419867,False
agg__contratos__valor__mean,0.7452782421993683,0.1521262090796326,numerica,agg__contratos__valor__mean,0.7452782421993683,0.7452782421993683,False
agg__contratos__valor__max,0.7136650919009441,0.17124998063837713,numerica,agg__contratos__valor__max,0.7136650919009441,0.7136650919009441,False
agg__itensVencedores__valorTotalReferencia__max,0.6874366392797127,0.21808314926798322,numerica,agg__itensVencedores__valorTotalReferencia__max,0.6874366392797127,0.6874366392797127,True
agg__contratos__valor__sum,0.6407495802763228,0.1864439480145088,numerica,agg__contratos__valor__sum,0.6407495802763228,0.6407495802763228,False
agg__participantes__itensProposta__valorTotal__max,0.549959817604814,0.12011535675570473,numerica,agg__participantes__itensProposta__valorTotal__max,0.549959817604814,0.549959817604814,True
item__valorUnitarioVencedor,0.5378349049636091,0.11906127772277328,numerica,item__valorUnitarioVencedor,0.5378349049636091,0.5378349049636091,True
agg__participantes__itensProposta__valorTotal__mean,0.5344343261587876,0.08524569350470204,numerica,agg__participantes__itensProposta__valorTotal__mean,0.5344343261587876,0.5344343261587876,True
agg__itensVencedores__valorUnitarioVencedor__mean,0.5331561594010846,0.1181372933769408,numerica,agg__itensVencedores__valorUnitarioVencedor__mean,0.5331561594010846,0.5331561594010846,True
agg__itensVencedores__valorUnitarioVencedor__min,0.5308378574157161,0.11358991286100724,numerica,agg__itensVencedores__valorUnitarioVencedor__min,0.5308378574157161,0.5308378574157161,True
item__valorUnitarioReferencia,0.5141423485206679,0.1275216530086697,numerica,item__valorUnitarioReferencia,0.5141423485206679,0.5141423485206679,True
agg__itensVencedores__valorUnitarioReferencia__mean,0.5129938103221073,0.12661938631049513,numerica,agg__itensVencedores__valorUnitarioReferencia__mean,0.5129938103221073,0.5129938103221073,True
agg__itensVencedores__valorUnitarioVencedor__max,0.5126231142616221,0.11702283149970417,numerica,agg__itensVencedores__valorUnitarioVencedor__max,0.5126231142616221,0.5126231142616221,True
agg__itensVencedores__valorUnitarioReferencia__min,0.5119960667706875,0.12416092586204872,numerica,agg__itensVencedores__valorUnitarioReferencia__min,0.5119960667706875,0.5119960667706875,True
agg__itensVencedores__valorUnitarioReferencia__max,0.5097898836779511,0.12662104450160722,numerica,agg__itensVencedores__valorUnitarioReferencia__max,0.5097898836779511,0.5097898836779511,True
agg__participantes__itensProposta__valorUnitario__mean,0.5046812969355448,0.11416125038139953,numerica,agg__participantes__itensProposta__valorUnitario__mean,0.5046812969355448,0.5046812969355448,True
agg__participantes__itensProposta__valorUnitario__max,0.5041141250657655,0.11263737487577151,numerica,agg__participantes__itensProposta__valorUnitario__max,0.5041141250657655,0.5041141250657655,True
agg__participantes__itensProposta__valorTotal__sum,0.24890572380368203,0.033460318459148555,numerica,agg__participantes__itensProposta__valorTotal__sum,0.24890572380368203,0.24890572380368203,True
agg__itensVencedores__valorUnitarioVencedor__sum,0.223084934108767,-0.1482881025832098,numerica,agg__itensVencedores__valorUnitarioVencedor__sum,0.223084934108767,0.223084934108767,True
proc__valorHomologado,0.21084592922236495,0.23828847163633587,numerica,proc__valorHomologado,0.21084592922236495,0.21084592922236495,True
agg__participantes__itensProposta__valorUnitario__sum,0.20246423972232866,-0.14950858435989597,numerica,agg__participantes__itensProposta__valorUnitario__sum,0.20246423972232866,0.20246423972232866,True
proc__valorEstimado,0.14501660744620523,0.22619637739189202,numerica,proc__valorEstimado,0.14501660744620523,0.14501660744620523,False
agg__participantes__formaParticipacao__nunique,0.13682098263736714,0.013668707951089648,numerica,agg__participantes__formaParticipacao__nunique,0.13682098263736714,0.13682098263736714,False
agg__itensVencedores__valorUnitarioReferencia__sum,0.1322632865235806,-0.08343046967491234,numerica,agg__itensVencedores__valorUnitarioReferencia__sum,0.1322632865235806,0.1322632865235806,True
proc__modalidade_Concorrência,0.12617946188113746,0.020092974811739186,one_hot,proc__modalidade,0.12617946188113746,0.12617946188113746,False
proc__formaJulgamento_MENOR PREÇO MENSAL,0.11977751503846544,0.029259184830694836,one_hot,proc__formaJulgamento,0.11977751503846544,0.11977751503846544,False
proc__enderecoCertame_Rua Domênico Sonego,0.10171171975924992,0.05618350102999113,one_hot,proc__enderecoCertame,0.10171171975924992,0.10171171975924992,False
proc__enderecoEntrega_Rua Domênico Sonego,0.10171171975924992,0.05618350102999113,one_hot,proc__enderecoEntrega,0.10171171975924992,0.10171171975924992,False
agg__itensVencedores__codigo__min,0.0977022157772496,0.19716097832863305,numerica,agg__itensVencedores__codigo__min,0.0977022157772496,0.0977022157772496,True
proc__tipoObjeto_Obras e Serviços de Engenharia,0.09326410752681652,0.165723705984188,one_hot,proc__tipoObjeto,0.09326410752681652,0.09326410752681652,False
proc__formaContratacao_Concorrência,0.08713871608750506,-0.014336740069088609,one_hot,proc__formaContratacao,0.08713871608750506,0.08713871608750506,False
proc__nomeEntidade_infrequent_sklearn,0.08558650765268136,0.02698892980988981,one_hot,proc__nomeEntidade,0.08558650765268136,0.08558650765268136,False
proc__formaContratacao_Chamada pública / credenciamento,0.082280889625833,0.07262150240630474,one_hot,proc__formaContratacao,0.082280889625833,0.082280889625833,False
agg__itensVencedores__valorTotalReferencia__sum,0.07241170214838204,0.13580379368356255,numerica,agg__itensVencedores__valorTotalReferencia__sum,0.07241170214838204,0.07241170214838204,True
proc__nomeEntidade_FUNDO MUNICIPAL SANEAMENTO BÁSICO DE CRICIÚMA-FUNSAB,0.07181098231118417,0.04936731924581185,one_hot,proc__nomeEntidade,0.07181098231118417,0.07181098231118417,False
proc__modalidade_Concorrência eletrônica,0.07119543724415894,0.07322751232258014,one_hot,proc__modalidade,0.07119543724415894,0.07119543724415894,False
proc__formaJulgamento_infrequent_sklearn,0.06846878354966379,0.01618042214081321,one_hot,proc__formaJulgamento,0.06846878354966379,0.06846878354966379,False
proc__modalidade_Outras Modalidades,0.06303363579592021,0.0806400790099519,one_hot,proc__modalidade,0.06303363579592021,0.06303363579592021,False
agg__itensVencedores__quantidade__min,0.059948860086150225,0.06067130490779205,numerica,agg__itensVencedores__quantidade__min,0.059948860086150225,0.059948860086150225,True
proc__modalidade_Pregão presencial,-0.05745294388911157,-0.21656882044997053,one_hot,proc__modalidade,-0.05745294388911157,0.05745294388911157,False
dias_criacao_ate_homologacao,0.05676597085427853,0.1873121596521982,numerica,dias_criacao_ate_homologacao,0.05676597085427853,0.05676597085427853,False
proc__registroPrecos_NÃO,0.0520990312809473,0.12531916811913804,one_hot,proc__registroPrecos,0.0520990312809473,0.0520990312809473,False
proc__registroPrecos_SIM,-0.05209903128077574,-0.1253191681188671,one_hot,proc__registroPrecos,-0.05209903128077574,0.05209903128077574,False
item__quantidade,0.05176091922382343,0.14376394249569957,numerica,item__quantidade,0.05176091922382343,0.05176091922382343,False
agg__itensVencedores__codigo__mean,0.050181611896315995,0.2613047529342684,numerica,agg__itensVencedores__codigo__mean,0.050181611896315995,0.050181611896315995,True
agg__participantes__representanteCertame__nunique__missing,0.0486733630277828,0.17412215665971909,missing_indicator,agg__participantes__representanteCertame__nunique,0.0486733630277828,0.0486733630277828,False
agg__itensVencedores__quantidade__mean,0.048557162316346755,0.16327121063074101,numerica,agg__itensVencedores__quantidade__mean,0.048557162316346755,0.048557162316346755,True
agg__contratos__numero__sum__missing,-0.04803226131565817,-0.11489192037551729,missing_indicator,agg__contratos__numero__sum,-0.04803226131565817,0.04803226131565817,False
agg__contratos__numero__max__missing,-0.04803226131565817,-0.11489192037551729,missing_indicator,agg__contratos__numero__max,-0.04803226131565817,0.04803226131565817,False
agg__contratos__numero__mean__missing,-0.04803226131565817,-0.11489192037551729,missing_indicator,agg__contratos__numero__mean,-0.04803226131565817,0.04803226131565817,False
agg__contratos__numero__min__missing,-0.04803226131565817,-0.11489192037551729,missing_indicator,agg__contratos__numero__min,-0.04803226131565817,0.04803226131565817,False
agg__participantes__responsavelFornecedor__nunique__missing,0.04800185117898425,0.17545381186203443,missing_indicator,agg__participantes__responsavelFornecedor__nunique,0.04800185117898425,0.04800185117898425,False
proc__formaJulgamento_MENOR PRECO,0.04785810067732594,0.05169273087569412,one_hot,proc__formaJulgamento,0.04785810067732594,0.04785810067732594,False
agg__contratos__valor__sum__missing,-0.047659376540932295,-0.11425707202986415,missing_indicator,agg__contratos__valor__sum,-0.047659376540932295,0.047659376540932295,False
agg__contratos__ano__mean__missing,-0.047659376540932295,-0.11425707202986415,missing_indicator,agg__contratos__ano__mean,-0.047659376540932295,0.047659376540932295,False
agg__contratos__ano__max__missing,-0.047659376540932295,-0.11425707202986415,missing_indicator,agg__contratos__ano__max,-0.047659376540932295,0.047659376540932295,False
agg__contratos__ano__sum__missing,-0.047659376540932295,-0.11425707202986415,missing_indicator,agg__contratos__ano__sum,-0.047659376540932295,0.047659376540932295,False
agg__contratos__ano__min__missing,-0.047659376540932295,-0.11425707202986415,missing_indicator,agg__contratos__ano__min,-0.047659376540932295,0.047659376540932295,False
agg__contratos__valor__min__missing,-0.047659376540932295,-0.11425707202986415,missing_indicator,agg__contratos__valor__min,-0.047659376540932295,0.047659376540932295,False
agg__contratos__numero__nunique__missing,-0.047659376540932295,-0.11425707202986415,missing_indicator,agg__contratos__numero__nunique,-0.047659376540932295,0.047659376540932295,False
agg__contratos__valor__mean__missing,-0.047659376540932295,-0.11425707202986415,missing_indicator,agg__contratos__valor__mean,-0.047659376540932295,0.047659376540932295,False
agg__contratos__valor__max__missing,-0.047659376540932295,-0.11425707202986415,missing_indicator,agg__contratos__valor__max,-0.047659376540932295,0.047659376540932295,False
agg__contratos__cnpjCpfContratado__nunique__missing,-0.047659376540932295,-0.11425707202986415,missing_indicator,agg__contratos__cnpjCpfContratado__nunique,-0.047659376540932295,0.047659376540932295,False
agg__contratos__nomeEntidade__nunique__missing,-0.047659376540932295,-0.11425707202986415,missing_indicator,agg__contratos__nomeEntidade__nunique,-0.047659376540932295,0.047659376540932295,False
agg__contratos__objeto__nunique__missing,-0.047659376540932295,-0.11425707202986415,missing_indicator,agg__contratos__objeto__nunique,-0.047659376540932295,0.047659376540932295,False
agg__contratos__nomeContratado__nunique__missing,-0.047659376540932295,-0.11425707202986415,missing_indicator,agg__contratos__nomeContratado__nunique,-0.047659376540932295,0.047659376540932295,False
proc__tipoObjeto_Compras e Serviços,-0.047041684351908634,-0.21504732765027376,one_hot,proc__tipoObjeto,-0.047041684351908634,0.047041684351908634,False
tfidf__item__descricao__da,0.04611512969992225,0.06274032023935615,tfidf,item__descricao,0.04611512969992225,0.04611512969992225,False
tfidf__proc__fundamentoLegal__22 ii,0.044223300112687304,0.13514024244744738,tfidf,proc__fundamentoLegal,0.044223300112687304,0.044223300112687304,False
item__codigo,0.04326763031466349,0.22867667600035824,numerica,item__codigo,0.04326763031466349,0.04326763031466349,False
agg__contratos__ano__max,0.04281971614877241,0.1533839855635218,numerica,agg__contratos__ano__max,0.04281971614877241,0.04281971614877241,False
agg__contratos__ano__mean,0.04116377774461887,0.1463312897390109,numerica,agg__contratos__ano__mean,0.04116377774461887,0.04116377774461887,False
tfidf__item__descricao__de,0.04060386896488097,0.18807172737418498,tfidf,item__descricao,0.04060386896488097,0.04060386896488097,False
tfidf__proc__objeto__aquisicoes,-0.03937980626170958,-0.2118353386354386,tfidf,proc__objeto,-0.03937980626170958,0.03937980626170958,False
tfidf__proc__objeto__futuras,-0.03880599443478083,-0.19062046855440937,tfidf,proc__objeto,-0.03880599443478083,0.03880599443478083,False
agg__despesas__ano__mean__missing,0.038662338432961664,0.09748255502245583,missing_indicator,agg__despesas__ano__mean,0.038662338432961664,0.038662338432961664,False
agg__despesas__orgao__nunique__missing,0.038662338432961664,0.09748255502245583,missing_indicator,agg__despesas__orgao__nunique,0.038662338432961664,0.038662338432961664,False
agg__despesas__id__min__missing,0.038662338432961664,0.09748255502245583,missing_indicator,agg__despesas__id__min,0.038662338432961664,0.038662338432961664,False
agg__despesas__id__mean__missing,0.038662338432961664,0.09748255502245583,missing_indicator,agg__despesas__id__mean,0.038662338432961664,0.038662338432961664,False
agg__despesas__id__max__missing,0.038662338432961664,0.09748255502245583,missing_indicator,agg__despesas__id__max,0.038662338432961664,0.038662338432961664,False
agg__despesas__ano__min__missing,0.038662338432961664,0.09748255502245583,missing_indicator,agg__despesas__ano__min,0.038662338432961664,0.038662338432961664,False
agg__despesas__ano__sum__missing,0.038662338432961664,0.09748255502245583,missing_indicator,agg__despesas__ano__sum,0.038662338432961664,0.038662338432961664,False
agg__despesas__id__sum__missing,0.038662338432961664,0.09748255502245583,missing_indicator,agg__despesas__id__sum,0.038662338432961664,0.038662338432961664,False
agg__despesas__acao__nunique__missing,0.038662338432961664,0.09748255502245583,missing_indicator,agg__despesas__acao__nunique,0.038662338432961664,0.038662338432961664,False
agg__despesas__id__nunique__missing,0.038662338432961664,0.09748255502245583,missing_indicator,agg__despesas__id__nunique,0.038662338432961664,0.038662338432961664,False
agg__despesas__subfuncao__nunique__missing,0.038662338432961664,0.09748255502245583,missing_indicator,agg__despesas__subfuncao__nunique,0.038662338432961664,0.038662338432961664,False
agg__despesas__programa__nunique__missing,0.038662338432961664,0.09748255502245583,missing_indicator,agg__despesas__programa__nunique,0.038662338432961664,0.038662338432961664,False
agg__despesas__funcao__nunique__missing,0.038662338432961664,0.09748255502245583,missing_indicator,agg__despesas__funcao__nunique,0.038662338432961664,0.038662338432961664,False
agg__despesas__numeroElemento__nunique__missing,0.038662338432961664,0.09748255502245583,missing_indicator,agg__despesas__numeroElemento__nunique,0.038662338432961664,0.038662338432961664,False
agg__despesas__ano__max__missing,0.038662338432961664,0.09748255502245583,missing_indicator,agg__despesas__ano__max,0.038662338432961664,0.038662338432961664,False
agg__despesas__funcao__max__missing,0.03795959975114908,0.10015816557725205,missing_indicator,agg__despesas__funcao__max,0.03795959975114908,0.03795959975114908,False
agg__despesas__subfuncao__min__missing,0.03795959975114908,0.10015816557725205,missing_indicator,agg__despesas__subfuncao__min,0.03795959975114908,0.03795959975114908,False
agg__despesas__subfuncao__sum__missing,0.03795959975114908,0.10015816557725205,missing_indicator,agg__despesas__subfuncao__sum,0.03795959975114908,0.03795959975114908,False
agg__despesas__subfuncao__mean__missing,0.03795959975114908,0.10015816557725205,missing_indicator,agg__despesas__subfuncao__mean,0.03795959975114908,0.03795959975114908,False
agg__despesas__acao__min__missing,0.03795959975114908,0.10015816557725205,missing_indicator,agg__despesas__acao__min,0.03795959975114908,0.03795959975114908,False
agg__despesas__funcao__min__missing,0.03795959975114908,0.10015816557725205,missing_indicator,agg__despesas__funcao__min,0.03795959975114908,0.03795959975114908,False
agg__despesas__funcao__sum__missing,0.03795959975114908,0.10015816557725205,missing_indicator,agg__despesas__funcao__sum,0.03795959975114908,0.03795959975114908,False
agg__despesas__numeroElemento__sum__missing,0.03795959975114908,0.10015816557725205,missing_indicator,agg__despesas__numeroElemento__sum,0.03795959975114908,0.03795959975114908,False
agg__despesas__subfuncao__max__missing,0.03795959975114908,0.10015816557725205,missing_indicator,agg__despesas__subfuncao__max,0.03795959975114908,0.03795959975114908,False
agg__despesas__acao__max__missing,0.03795959975114908,0.10015816557725205,missing_indicator,agg__despesas__acao__max,0.03795959975114908,0.03795959975114908,False
agg__despesas__acao__mean__missing,0.03795959975114908,0.10015816557725205,missing_indicator,agg__despesas__acao__mean,0.03795959975114908,0.03795959975114908,False
agg__despesas__programa__max__missing,0.03795959975114908,0.10015816557725205,missing_indicator,agg__despesas__programa__max,0.03795959975114908,0.03795959975114908,False
agg__despesas__numeroElemento__max__missing,0.03795959975114908,0.10015816557725205,missing_indicator,agg__despesas__numeroElemento__max,0.03795959975114908,0.03795959975114908,False
agg__despesas__programa__min__missing,0.03795959975114908,0.10015816557725205,missing_indicator,agg__despesas__programa__min,0.03795959975114908,0.03795959975114908,False
agg__despesas__numeroElemento__mean__missing,0.03795959975114908,0.10015816557725205,missing_indicator,agg__despesas__numeroElemento__mean,0.03795959975114908,0.03795959975114908,False
agg__despesas__acao__sum__missing,0.03795959975114908,0.10015816557725205,missing_indicator,agg__despesas__acao__sum,0.03795959975114908,0.03795959975114908,False
agg__despesas__programa__mean__missing,0.03795959975114908,0.10015816557725205,missing_indicator,agg__despesas__programa__mean,0.03795959975114908,0.03795959975114908,False
agg__despesas__programa__sum__missing,0.03795959975114908,0.10015816557725205,missing_indicator,agg__despesas__programa__sum,0.03795959975114908,0.03795959975114908,False
agg__despesas__numeroElemento__min__missing,0.03795959975114908,0.10015816557725205,missing_indicator,agg__despesas__numeroElemento__min,0.03795959975114908,0.03795959975114908,False
agg__despesas__funcao__mean__missing,0.03795959975114908,0.10015816557725205,missing_indicator,agg__despesas__funcao__mean,0.03795959975114908,0.03795959975114908,False
tfidf__proc__objeto__para aquisicoes,-0.0379578832452896,-0.20096316040162715,tfidf,proc__objeto,-0.0379578832452896,0.0379578832452896,False
tfidf__proc__fundamentoLegal__lei,0.037625757469913756,0.26138274530008965,tfidf,proc__fundamentoLegal,0.037625757469913756,0.037625757469913756,False
tfidf__proc__fundamentoLegal__art,0.037625757469913756,0.26138274530008965,tfidf,proc__fundamentoLegal,0.037625757469913756,0.037625757469913756,False
tfidf__proc__objeto__aquisicoes futuras,-0.03735741012991501,-0.18070186759001167,tfidf,proc__objeto,-0.03735741012991501,0.03735741012991501,False
tfidf__proc__objeto__registro,-0.037290297096804946,-0.01563482765849745,tfidf,proc__objeto,-0.037290297096804946,0.037290297096804946,False
agg__contratos__ano__min,0.03726073533871447,0.13141147559797686,numerica,agg__contratos__ano__min,0.03726073533871447,0.03726073533871447,False
tfidf__proc__objeto__registro de,-0.037177170055215224,-0.014524220366835261,tfidf,proc__objeto,-0.037177170055215224,0.037177170055215224,False
proc__modalidade_Tomada de Preço,0.03683428586794018,0.11466444070252176,one_hot,proc__modalidade,0.03683428586794018,0.03683428586794018,False
agg__participantes__itensProposta__situacao__nao_analisado__count,-0.03638998362257767,-0.013068481954653368,numerica,agg__participantes__itensProposta__situacao__nao_analisado__count,-0.03638998362257767,0.03638998362257767,False
tfidf__proc__objeto__precos,-0.0362893946419732,-0.01732018532294675,tfidf,proc__objeto,-0.0362893946419732,0.0362893946419732,False
tfidf__proc__objeto__de precos,-0.036207323024226266,-0.016314714034919645,tfidf,proc__objeto,-0.036207323024226266,0.036207323024226266,False
tfidf__proc__objeto__municipio de,0.03599525085491734,0.008709540443128798,tfidf,proc__objeto,0.03599525085491734,0.03599525085491734,False
agg__itensVencedores__unidadeMedida__nunique,-0.03577505260076539,0.003976957566345233,numerica,agg__itensVencedores__unidadeMedida__nunique,-0.03577505260076539,0.03577505260076539,True
agg__despesas__fonteRecurso__nunique__missing,0.035665868449641404,0.09957268735313873,missing_indicator,agg__despesas__fonteRecurso__nunique,0.035665868449641404,0.035665868449641404,False
tfidf__proc__fundamentoLegal__art 17,0.035093716200656565,0.04618223344974641,tfidf,proc__fundamentoLegal,0.035093716200656565,0.035093716200656565,False
tfidf__proc__fundamentoLegal__17,0.035093716200656565,0.04618223344974641,tfidf,proc__fundamentoLegal,0.035093716200656565,0.035093716200656565,False
tfidf__item__descricao__no,0.03492949765506334,0.04443247262695281,tfidf,item__descricao,0.03492949765506334,0.03492949765506334,False
tfidf__item__descricao__do,0.034275790911406756,0.07103973019209087,tfidf,item__descricao,0.034275790911406756,0.034275790911406756,False
agg__participantes__itensProposta__id__mean,0.033857077857149066,0.32400311381155833,numerica,agg__participantes__itensProposta__id__mean,0.033857077857149066,0.033857077857149066,False
agg__documentosRelacionados__count,0.03373078165765829,0.2606484475627699,numerica,agg__documentosRelacionados__count,0.03373078165765829,0.03373078165765829,False
agg__participantes__itensProposta__id__max,0.03370054852704859,0.3237832842408069,numerica,agg__participantes__itensProposta__id__max,0.03370054852704859,0.03370054852704859,False
dias_recebimento_envelopes,0.03365423426316545,0.12963557310755194,numerica,dias_recebimento_envelopes,0.03365423426316545,0.03365423426316545,False
tfidf__proc__objeto__precos de,-0.03316123001786889,-0.08685134817491184,tfidf,proc__objeto,-0.03316123001786889,0.03316123001786889,False
proc__formaContratacao_Pregão presencial,-0.033130199481193064,-0.22222346165972792,one_hot,proc__formaContratacao,-0.033130199481193064,0.033130199481193064,False
agg__participantes__itensProposta__situacao__desclassificado__count__missing,0.03310523800406853,0.09526951410772498,missing_indicator,agg__participantes__itensProposta__situacao__desclassificado__count,0.03310523800406853,0.03310523800406853,False
tfidf__proc__objeto__criciuma,0.03309356295567022,0.08733315245504378,tfidf,proc__objeto,0.03309356295567022,0.03309356295567022,False
tfidf__proc__objeto__pecas,-0.03271331592099576,-0.2505174574302419,tfidf,proc__objeto,-0.03271331592099576,0.03271331592099576,False
proc__formaJulgamento_MENOR PREÇO GLOBAL POR LOTE,-0.03252204834993716,-0.30608933273549094,one_hot,proc__formaJulgamento,-0.03252204834993716,0.03252204834993716,False
agg__documentosRelacionados__arquivo__nunique,0.03231201143606789,0.25580222109231876,numerica,agg__documentosRelacionados__arquivo__nunique,0.03231201143606789,0.03231201143606789,False
agg__documentosRelacionados__descricao__nunique,0.032301424846754336,0.2557415275414753,numerica,agg__documentosRelacionados__descricao__nunique,0.032301424846754336,0.032301424846754336,False
agg__itensVencedores__unidadeMedida__nunique__missing,-0.03223562660029704,-0.304158630387146,missing_indicator,agg__itensVencedores__unidadeMedida__nunique,-0.03223562660029704,0.03223562660029704,True
agg__itensVencedores__descricao__nunique__missing,-0.03223562660029704,-0.304158630387146,missing_indicator,agg__itensVencedores__descricao__nunique,-0.03223562660029704,0.03223562660029704,True
tfidf__proc__objeto__municipio,0.03206466072797004,-0.0022632087002805593,tfidf,proc__objeto,0.03206466072797004,0.03206466072797004,False
proc__terminoRecebimentoEnvelopes__ordinal,0.03128781814429896,0.2677373137680094,numerica,proc__terminoRecebimentoEnvelopes__ordinal,0.03128781814429896,0.03128781814429896,False
proc__dataJulgamento__ordinal,0.03128227568183839,0.2674445613597938,numerica,proc__dataJulgamento__ordinal,0.03128227568183839,0.03128227568183839,False
proc__dataAberturaEnvelopes__ordinal,0.03127672588919806,0.26739954277535655,numerica,proc__dataAberturaEnvelopes__ordinal,0.03127672588919806,0.03127672588919806,False
tfidf__proc__objeto__de pecas,-0.031250611913812586,-0.24240879945075686,tfidf,proc__objeto,-0.031250611913812586,0.031250611913812586,False
proc__dataJulgamento__year,0.031176320948785172,0.26665445646878755,numerica,proc__dataJulgamento__year,0.031176320948785172,0.031176320948785172,False
proc__dataAberturaEnvelopes__year,0.031171995576607357,0.2666188884913169,numerica,proc__dataAberturaEnvelopes__year,0.031171995576607357,0.031171995576607357,False
proc__terminoRecebimentoEnvelopes__year,0.03114085070970487,0.2668747173811354,numerica,proc__terminoRecebimentoEnvelopes__year,0.03114085070970487,0.03114085070970487,False
tfidf__proc__fundamentoLegal__ii,0.03057856303526993,0.09419863974253652,tfidf,proc__fundamentoLegal,0.03057856303526993,0.03057856303526993,False
proc__modalidade_Dispensa de licitação,0.030392681002608165,0.040383453545121406,one_hot,proc__modalidade,0.030392681002608165,0.030392681002608165,False
proc__emailContato_compras@criciuma.sc.gov.br,0.030253559079856544,0.2358617060065948,one_hot,proc__emailContato,0.030253559079856544,0.030253559079856544,False
proc__inicioRecebimentoEnvelopes__ordinal,0.03016579745656515,0.26484610811207304,numerica,proc__inicioRecebimentoEnvelopes__ordinal,0.03016579745656515,0.03016579745656515,False
proc__dataHomologacao__ordinal,0.030052861631820037,0.2659703416618728,numerica,proc__dataHomologacao__ordinal,0.030052861631820037,0.030052861631820037,False
proc__inicioRecebimentoEnvelopes__year,0.0299469129906354,0.26435265603648483,numerica,proc__inicioRecebimentoEnvelopes__year,0.0299469129906354,0.0299469129906354,False
agg__itensVencedores__codigo__max,0.029720041668448546,0.26208041224607026,numerica,agg__itensVencedores__codigo__max,0.029720041668448546,0.029720041668448546,True
proc__formaJulgamento_CREDENCIAMENTO,0.02950162720780679,0.0537954066209871,one_hot,proc__formaJulgamento,0.02950162720780679,0.02950162720780679,False
proc__dataHomologacao__year,0.029154538578459847,0.2689474421679828,numerica,proc__dataHomologacao__year,0.029154538578459847,0.029154538578459847,False
proc__modalidade_Inexigibilidade de licitação,0.02910204070883333,0.10423225679077176,one_hot,proc__modalidade,0.02910204070883333,0.02910204070883333,False
tfidf__proc__objeto__pecas servicos,-0.028893762925698258,-0.2167902879331611,tfidf,proc__objeto,-0.028893762925698258,0.028893762925698258,False
agg__despesas__funcao__mean,0.02882020090436503,0.1693176901764072,numerica,agg__despesas__funcao__mean,0.02882020090436503,0.02882020090436503,False
proc__dataCriacao__ordinal,0.0283664534359603,0.2627283334103631,numerica,proc__dataCriacao__ordinal,0.0283664534359603,0.0283664534359603,False
agg__itensVencedores__numero__mean,-0.027869788310701266,-0.25307388822836857,numerica,agg__itensVencedores__numero__mean,-0.027869788310701266,0.027869788310701266,True
agg__itensVencedores__numero__max,-0.027864215469010654,-0.2527486489228426,numerica,agg__itensVencedores__numero__max,-0.027864215469010654,0.027864215469010654,True
agg__documentosRelacionados__tipo__nunique,0.02780115316018288,0.25093848332790003,numerica,agg__documentosRelacionados__tipo__nunique,0.02780115316018288,0.02780115316018288,False
agg__itensVencedores__numero__nunique,-0.027757078506515376,-0.2524630848110531,numerica,agg__itensVencedores__numero__nunique,-0.027757078506515376,0.027757078506515376,True
agg__itensVencedores__count,-0.027752496567349967,-0.2526193849880035,numerica,agg__itensVencedores__count,-0.027752496567349967,0.027752496567349967,True
tfidf__proc__fundamentoLegal__lei 14133,0.02769317514811949,0.19282394928340843,tfidf,proc__fundamentoLegal,0.02769317514811949,0.02769317514811949,False
tfidf__proc__fundamentoLegal__14133 2021,0.02769317514811949,0.19282394928340843,tfidf,proc__fundamentoLegal,0.02769317514811949,0.02769317514811949,False
tfidf__proc__fundamentoLegal__14133,0.02769317514811949,0.19282394928340843,tfidf,proc__fundamentoLegal,0.02769317514811949,0.02769317514811949,False
tfidf__proc__objeto__futuras na,-0.027692110684441617,-0.2679878683574314,tfidf,proc__objeto,-0.027692110684441617,0.027692110684441617,False
tfidf__proc__fundamentoLegal__2021 art,0.0276879169606437,0.19287282125507474,tfidf,proc__fundamentoLegal,0.0276879169606437,0.0276879169606437,False
tfidf__proc__fundamentoLegal__2021,0.0276879169606437,0.19287282125507474,tfidf,proc__fundamentoLegal,0.0276879169606437,0.0276879169606437,False
agg__participantes__itensProposta__situacao__venceu__count,-0.02761100060692392,-0.2519321813407385,numerica,agg__participantes__itensProposta__situacao__venceu__count,-0.02761100060692392,0.02761100060692392,False
anoArquivo,0.027488386575674234,0.26066253441588044,numerica,anoArquivo,0.027488386575674234,0.027488386575674234,False
proc__anoProcesso,0.027488386575674234,0.26066253441588044,numerica,proc__anoProcesso,0.027488386575674234,0.027488386575674234,False
proc__anoLicitacao,0.027488386575674234,0.26066253441588044,numerica,proc__anoLicitacao,0.027488386575674234,0.027488386575674234,False
proc__dataCriacao__year,0.02747112833296038,0.2600454749159767,numerica,proc__dataCriacao__year,0.02747112833296038,0.02747112833296038,False
proc__dataPublicacao__ordinal,0.02720424712111398,0.2604424892454165,numerica,proc__dataPublicacao__ordinal,0.02720424712111398,0.02720424712111398,False
proc__emailContato_tributos@criciuma.sc.gov.br,-0.02677626080875855,-0.24937437864358059,one_hot,proc__emailContato,-0.02677626080875855,0.02677626080875855,False
proc__dataPublicacao__year,0.026731802540174914,0.25921590168084374,numerica,proc__dataPublicacao__year,0.026731802540174914,0.026731802540174914,False
proc__formaContratacao_Tomada de Preço,0.026648527052424376,0.08915409518683226,one_hot,proc__formaContratacao,0.026648527052424376,0.026648527052424376,False
agg__documentosRelacionados__descricao__nunique__missing,-0.02652322972333495,-0.17180708695349287,missing_indicator,agg__documentosRelacionados__descricao__nunique,-0.02652322972333495,0.02652322972333495,False
agg__documentosRelacionados__arquivo__nunique__missing,-0.02652322972333495,-0.17180708695349287,missing_indicator,agg__documentosRelacionados__arquivo__nunique,-0.02652322972333495,0.02652322972333495,False
agg__documentosRelacionados__tipo__nunique__missing,-0.02652322972333495,-0.17180708695349287,missing_indicator,agg__documentosRelacionados__tipo__nunique,-0.02652322972333495,0.02652322972333495,False
tfidf__proc__fundamentoLegal__8666 1993,0.026196171399138067,0.15519788433885454,tfidf,proc__fundamentoLegal,0.026196171399138067,0.026196171399138067,False
tfidf__proc__fundamentoLegal__8666,0.026196171399138067,0.15519788433885454,tfidf,proc__fundamentoLegal,0.026196171399138067,0.026196171399138067,False
tfidf__proc__fundamentoLegal__1993 art,0.026196171399138067,0.15519788433885454,tfidf,proc__fundamentoLegal,0.026196171399138067,0.026196171399138067,False
tfidf__proc__fundamentoLegal__1993,0.026196171399138067,0.15519788433885454,tfidf,proc__fundamentoLegal,0.026196171399138067,0.026196171399138067,False
tfidf__proc__fundamentoLegal__lei 8666,0.026196171399138067,0.15519788433885454,tfidf,proc__fundamentoLegal,0.026196171399138067,0.026196171399138067,False
tfidf__proc__objeto__manutencao,-0.026172153738204952,-0.16625782706205003,tfidf,proc__objeto,-0.026172153738204952,0.026172153738204952,False
agg__contratos__numero__mean,0.026091314586188182,0.09499619136294904,numerica,agg__contratos__numero__mean,0.026091314586188182,0.026091314586188182,False
agg__contratos__numero__min,0.026080503429869506,0.08963055523169743,numerica,agg__contratos__numero__min,0.026080503429869506,0.026080503429869506,False
agg__contratos__numero__max,0.0259549714537966,0.10076169412016973,numerica,agg__contratos__numero__max,0.0259549714537966,0.0259549714537966,False
proc__formaJulgamento_MELHOR PREÇO,0.02587256313923013,0.02510973259190709,one_hot,proc__formaJulgamento,0.02587256313923013,0.02587256313923013,False
agg__itensVencedores__descricao__nunique,-0.02580353756618743,0.011788336786314628,numerica,agg__itensVencedores__descricao__nunique,-0.02580353756618743,0.02580353756618743,True
agg__empenhos__valor__mean,0.025450342431389064,0.10527494490616876,numerica,agg__empenhos__valor__mean,0.025450342431389064,0.025450342431389064,False
proc__dataRevogacao_infrequent_sklearn,0.025384218939076712,0.028305336787871307,one_hot,proc__dataRevogacao,0.025384218939076712,0.025384218939076712,False
tfidf__proc__objeto__do,0.025184094670815022,0.03999424969553587,tfidf,proc__objeto,0.025184094670815022,0.025184094670815022,False
dias_criacao_ate_julgamento,0.025033536040744857,0.11451232452673667,numerica,dias_criacao_ate_julgamento,0.025033536040744857,0.025033536040744857,False
tfidf__proc__objeto__servicos,0.024777868117656615,-0.09615915280572794,tfidf,proc__objeto,0.024777868117656615,0.024777868117656615,False
agg__despesas__funcao__min,0.024726772366432864,0.15312090823482516,numerica,agg__despesas__funcao__min,0.024726772366432864,0.024726772366432864,False
proc__modalidade_Tomada de preços,0.02443477173195902,0.07134206731839957,one_hot,proc__modalidade,0.02443477173195902,0.02443477173195902,False
tfidf__proc__objeto__de criciuma,0.024241745048978313,0.07642146174184984,tfidf,proc__objeto,0.024241745048978313,0.024241745048978313,False
proc__tipoObjeto_Prestação de serviços,0.024130303430441095,0.06652482244709047,one_hot,proc__tipoObjeto,0.024130303430441095,0.024130303430441095,False
agg__participantes__itensProposta__quantidade__mean,0.023905037976098446,0.10690172352507477,numerica,agg__participantes__itensProposta__quantidade__mean,0.023905037976098446,0.023905037976098446,False
agg__empenhos__valor__max,0.023180593045095902,0.13804518301304003,numerica,agg__empenhos__valor__max,0.023180593045095902,0.023180593045095902,False
item__numero,-0.022943748962696117,-0.21429537703534626,numerica,item__numero,-0.022943748962696117,0.022943748962696117,False
item__index,-0.022878991941084267,-0.20832830312548042,numerica,item__index,-0.022878991941084267,0.022878991941084267,False
proc__formaJulgamento_MENOR PRECO GLOBAL,0.02269821787051897,0.07196097604180969,one_hot,proc__formaJulgamento,0.02269821787051897,0.02269821787051897,False
agg__participantes__itensProposta__situacao__perdeu__count__missing,0.021985721850971092,-0.007213748750325594,missing_indicator,agg__participantes__itensProposta__situacao__perdeu__count,0.021985721850971092,0.021985721850971092,False
tfidf__proc__objeto__sc,0.02172934117280275,0.16097431133211634,tfidf,proc__objeto,0.02172934117280275,0.02172934117280275,False
tfidf__item__descricao__50,0.021592913331323377,0.029015345069805264,tfidf,item__descricao,0.021592913331323377,0.021592913331323377,False
tfidf__proc__objeto__criciuma sc,0.021518952376496814,0.1650510912117731,tfidf,proc__objeto,0.021518952376496814,0.021518952376496814,False
agg__participantes__itensProposta__count,-0.021477697665427287,-0.20738006588119487,numerica,agg__participantes__itensProposta__count,-0.021477697665427287,0.021477697665427287,False
agg__participantes__itensProposta__situacao__credenciado__count,-0.0213477967759873,-0.023098551402463526,numerica,agg__participantes__itensProposta__situacao__credenciado__count,-0.0213477967759873,0.0213477967759873,False
agg__participantes__itensProposta__situacao__perdeu__count,-0.021053357559477553,-0.2154260723483279,numerica,agg__participantes__itensProposta__situacao__perdeu__count,-0.021053357559477553,0.021053357559477553,False
agg__participantes__itensProposta__situacao__nao_cotou__count__missing,0.020877463341473574,0.1723724450923656,missing_indicator,agg__participantes__itensProposta__situacao__nao_cotou__count,0.020877463341473574,0.020877463341473574,False
proc__formaContratacao_Dispensa de licitação,0.02074090698810042,0.007242142598876989,one_hot,proc__formaContratacao,0.02074090698810042,0.02074090698810042,False
tfidf__proc__objeto__servicos para,-0.01958272575353511,-0.25689691929667097,tfidf,proc__objeto,-0.01958272575353511,0.01958272575353511,False
tfidf__proc__objeto__materiais,-0.019154025594839766,-0.042949061091731695,tfidf,proc__objeto,-0.019154025594839766,0.019154025594839766,False
proc__meioDivulgacao_JORNAL_DIVULGACAO_REGIONAL,0.0190979328613346,0.07170283649126909,one_hot,proc__meioDivulgacao,0.0190979328613346,0.0190979328613346,False
agg__participantes__itensProposta__situacao__credenciado__count__missing,-0.018881452308350696,-0.093395274592512,missing_indicator,agg__participantes__itensProposta__situacao__credenciado__count,-0.018881452308350696,0.018881452308350696,False
tfidf__item__descricao__na,0.01834441971650106,0.10146416408037642,tfidf,item__descricao,0.01834441971650106,0.01834441971650106,False
tfidf__proc__objeto__equipamentos,-0.018334016942038022,-0.1352759034892868,tfidf,proc__objeto,-0.018334016942038022,0.018334016942038022,False
proc__meioDivulgacao___missing__,0.017895541102176935,0.05384013096412102,one_hot,proc__meioDivulgacao,0.017895541102176935,0.017895541102176935,False
agg__itensVencedores__numero__sum,-0.017828695153587083,-0.19554962696340594,numerica,agg__itensVencedores__numero__sum,-0.017828695153587083,0.017828695153587083,True
proc__formaContratacao_Tomada de preços,0.01775360747924001,0.04819305709660754,one_hot,proc__formaContratacao,0.01775360747924001,0.01775360747924001,False
agg__itensVencedores__codigo__nunique,-0.01770795054456378,0.07024446570833497,numerica,agg__itensVencedores__codigo__nunique,-0.01770795054456378,0.01770795054456378,True
proc__valorEstimado__missing,-0.01681446782829522,-0.201330956369567,missing_indicator,proc__valorEstimado,-0.01681446782829522,0.01681446782829522,False
proc__valorHomologado__missing,-0.01681446782829522,-0.201330956369567,missing_indicator,proc__valorHomologado,-0.01681446782829522,0.01681446782829522,True
proc__motivoAnulacao___missing__,0.016781181507980695,0.20203166907152595,one_hot,proc__motivoAnulacao,0.016781181507980695,0.016781181507980695,False
proc__motivoRevogacao_,-0.01675272288255708,-0.1988823936912,one_hot,proc__motivoRevogacao,-0.01675272288255708,0.01675272288255708,False
proc__motivoAnulacao_,-0.01675272288255708,-0.1988823936912,one_hot,proc__motivoAnulacao,-0.01675272288255708,0.01675272288255708,False
agg__despesas__subfuncao__min,0.016483007285269496,0.14050345460908537,numerica,agg__despesas__subfuncao__min,0.016483007285269496,0.016483007285269496,False
proc__formaJulgamento_TÉCNICA E PREÇO,0.016365782243848673,0.029157302507849692,one_hot,proc__formaJulgamento,0.016365782243848673,0.016365782243848673,False
tfidf__proc__objeto__por objetivo,-0.0163448551003569,-0.04422009196361583,tfidf,proc__objeto,-0.0163448551003569,0.0163448551003569,False
tfidf__proc__objeto__tem por,-0.016297084785155992,-0.04139454213144024,tfidf,proc__objeto,-0.016297084785155992,0.016297084785155992,False
tfidf__proc__objeto__tem,-0.01613596700959571,-0.038145480715522526,tfidf,proc__objeto,-0.01613596700959571,0.01613596700959571,False
tfidf__proc__objeto__objetivo,-0.01606365342602345,-0.039722217945197875,tfidf,proc__objeto,-0.01606365342602345,0.01606365342602345,False
tfidf__item__participanteVencedor__pecas,-0.01601809612169803,-0.1366057031001651,tfidf,item__participanteVencedor,-0.01601809612169803,0.01601809612169803,True
proc__motivoRevogacao___missing__,0.01587456030177052,0.20056928627009024,one_hot,proc__motivoRevogacao,0.01587456030177052,0.01587456030177052,False
agg__despesas__subfuncao__mean,0.01556611724439075,0.10940252534337118,numerica,agg__despesas__subfuncao__mean,0.01556611724439075,0.01556611724439075,False
dias_abertura_ate_homologacao,0.015557452142056278,0.041245921326806365,numerica,dias_abertura_ate_homologacao,0.015557452142056278,0.015557452142056278,False
agg__participantes__itensProposta__situacao__desclassificado__count,-0.01542666717600249,-0.1744497634849808,numerica,agg__participantes__itensProposta__situacao__desclassificado__count,-0.01542666717600249,0.01542666717600249,False
tfidf__proc__objeto__presente,-0.015293673767038458,-0.03189266890895888,tfidf,proc__objeto,-0.015293673767038458,0.015293673767038458,False
agg__despesas__subfuncao__nunique,-0.015128617703094491,0.009700230316266588,numerica,agg__despesas__subfuncao__nunique,-0.015128617703094491,0.015128617703094491,False
tfidf__proc__objeto__municipal de,-0.01500140130568989,0.0635375651409535,tfidf,proc__objeto,-0.01500140130568989,0.01500140130568989,False
agg__despesas__orgao__nunique,-0.014917284300386982,-0.012185355500148518,numerica,agg__despesas__orgao__nunique,-0.014917284300386982,0.014917284300386982,False
agg__itensVencedores__participanteVencedor__nunique,-0.014806540141746746,0.13179974691719729,numerica,agg__itensVencedores__participanteVencedor__nunique,-0.014806540141746746,0.014806540141746746,True
agg__despesas__funcao__nunique,-0.014778496006102497,0.009428887811016664,numerica,agg__despesas__funcao__nunique,-0.014778496006102497,0.014778496006102497,False
agg__itensVencedores__cnpjCpfVencedor__nunique,-0.01474609207661401,0.13225286945206097,numerica,agg__itensVencedores__cnpjCpfVencedor__nunique,-0.01474609207661401,0.01474609207661401,True
agg__despesas__id__nunique,-0.014637185043405455,0.008065837173866048,numerica,agg__despesas__id__nunique,-0.014637185043405455,0.014637185043405455,False
tfidf__item__participanteVencedor__me,-0.014569768405965031,-0.12480962215906473,tfidf,item__participanteVencedor,-0.014569768405965031,0.014569768405965031,True
agg__despesas__acao__max,-0.014518774695972424,-0.12276605991732385,numerica,agg__despesas__acao__max,-0.014518774695972424,0.014518774695972424,False
agg__despesas__programa__nunique,-0.014514151490609558,-0.006649091479010991,numerica,agg__despesas__programa__nunique,-0.014514151490609558,0.014514151490609558,False
agg__despesas__acao__mean,-0.01448911902944249,-0.12459456784624985,numerica,agg__despesas__acao__mean,-0.01448911902944249,0.01448911902944249,False
agg__despesas__acao__min,-0.014305958775624896,-0.12313677616611779,numerica,agg__despesas__acao__min,-0.014305958775624896,0.014305958775624896,False
tfidf__proc__fundamentoLegal__art 22,0.01428106560904562,0.002967433231159849,tfidf,proc__fundamentoLegal,0.01428106560904562,0.01428106560904562,False
tfidf__proc__fundamentoLegal__22,0.01428106560904562,0.002967433231159849,tfidf,proc__fundamentoLegal,0.01428106560904562,0.01428106560904562,False
tfidf__proc__objeto__da,0.01427689811582301,0.014539695928655932,tfidf,proc__objeto,0.01427689811582301,0.01427689811582301,False
agg__despesas__acao__nunique,-0.013906876033160038,0.01466302684647903,numerica,agg__despesas__acao__nunique,-0.013906876033160038,0.013906876033160038,False
tfidf__item__participanteVencedor__ltda,0.013620915690460136,0.17044909973803274,tfidf,item__participanteVencedor,0.013620915690460136,0.013620915690460136,True
agg__despesas__count,-0.01356855526782764,0.0819261600746821,numerica,agg__despesas__count,-0.01356855526782764,0.01356855526782764,False
proc__tipoObjeto_Contratação de serviços,0.013074450486922577,0.03516957799632032,one_hot,proc__tipoObjeto,0.013074450486922577,0.013074450486922577,False
agg__contratos__count,0.012758471802214186,0.0525650500596774,numerica,agg__contratos__count,0.012758471802214186,0.012758471802214186,False
agg__empenhos__valor__min,0.012717223657679752,0.06343035046271653,numerica,agg__empenhos__valor__min,0.012717223657679752,0.012717223657679752,False
agg__participantes__itensProposta__situacao__nao_analisado__count__missing,-0.012633495704870532,-0.017157467098768843,missing_indicator,agg__participantes__itensProposta__situacao__nao_analisado__count,-0.012633495704870532,0.012633495704870532,False
tfidf__proc__fundamentoLegal__caput,0.012572272015239177,0.18940191757468988,tfidf,proc__fundamentoLegal,0.012572272015239177,0.012572272015239177,False
tfidf__item__participanteVencedor__fernandes,0.012565397871685837,-0.03765291442487003,tfidf,item__participanteVencedor,0.012565397871685837,0.012565397871685837,True
proc__emailContato_,0.012223115884746555,0.0648583474107216,one_hot,proc__emailContato,0.012223115884746555,0.012223115884746555,False
agg__participantes__itensProposta__situacao__nao_cotou__count,-0.01145145885845972,-0.08312625568114744,numerica,agg__participantes__itensProposta__situacao__nao_cotou__count,-0.01145145885845972,0.01145145885845972,False
tfidf__proc__fundamentoLegal__15 caput,0.01141656117837662,0.18757646800566402,tfidf,proc__fundamentoLegal,0.01141656117837662,0.01141656117837662,False
dias_criacao_ate_publicacao,0.011395914178023808,0.1122856304980177,numerica,dias_criacao_ate_publicacao,0.011395914178023808,0.011395914178023808,False
tfidf__item__participanteVencedor__smania,-0.011392591124281579,-0.13688174628692346,tfidf,item__participanteVencedor,-0.011392591124281579,0.011392591124281579,True
tfidf__item__participanteVencedor__eletrica smania,-0.011392591124281579,-0.13688174628692346,tfidf,item__participanteVencedor,-0.011392591124281579,0.011392591124281579,True
tfidf__item__participanteVencedor__auto eletrica,-0.011392591124281579,-0.13688174628692346,tfidf,item__participanteVencedor,-0.011392591124281579,0.011392591124281579,True
tfidf__item__participanteVencedor__smania ltda,-0.011392591124281579,-0.13688174628692346,tfidf,item__participanteVencedor,-0.011392591124281579,0.011392591124281579,True
agg__despesas__acao__sum,-0.01134835587947159,0.05942321196253193,numerica,agg__despesas__acao__sum,-0.01134835587947159,0.01134835587947159,False
tfidf__item__descricao__em,0.011347455765588602,0.10921238615965283,tfidf,item__descricao,0.011347455765588602,0.011347455765588602,False
agg__despesas__id__sum,-0.011229890356117525,-0.008742972307653649,numerica,agg__despesas__id__sum,-0.011229890356117525,0.011229890356117525,False
proc__formaContratacao_infrequent_sklearn,0.011175863807565146,0.020346720149547387,one_hot,proc__formaContratacao,0.011175863807565146,0.011175863807565146,False
tfidf__item__participanteVencedor__auto,-0.011146930799881376,-0.12695696566834055,tfidf,item__participanteVencedor,-0.011146930799881376,0.011146930799881376,True
tfidf__proc__objeto__na,0.011139184499849122,-0.16198444794183814,tfidf,proc__objeto,0.011139184499849122,0.011139184499849122,False
tfidf__proc__fundamentoLegal__15,0.01106147420495459,0.18279250158362828,tfidf,proc__fundamentoLegal,0.01106147420495459,0.01106147420495459,False
tfidf__proc__fundamentoLegal__art 15,0.01106147420495459,0.18279250158362828,tfidf,proc__fundamentoLegal,0.01106147420495459,0.01106147420495459,False
tfidf__item__participanteVencedor__de pecas,-0.01102857361103835,-0.10323321831524732,tfidf,item__participanteVencedor,-0.01102857361103835,0.01102857361103835,True
tfidf__item__participanteVencedor__ltda me,-0.010945294536509928,-0.09640393630465258,tfidf,item__participanteVencedor,-0.010945294536509928,0.010945294536509928,True
proc__inicioRecebimentoEnvelopes__dayofweek,0.01086064974445453,0.1227764287820387,numerica,proc__inicioRecebimentoEnvelopes__dayofweek,0.01086064974445453,0.01086064974445453,False
agg__despesas__fonteRecurso__nunique,-0.010495747684327587,0.001571166875029501,numerica,agg__despesas__fonteRecurso__nunique,-0.010495747684327587,0.010495747684327587,False
tfidf__item__participanteVencedor__de construcao,-0.010465137165629409,-0.13456179177404626,tfidf,item__participanteVencedor,-0.010465137165629409,0.010465137165629409,True
tfidf__proc__fundamentoLegal__art 28,0.010462219098813062,0.1695725444295898,tfidf,proc__fundamentoLegal,0.010462219098813062,0.010462219098813062,False
tfidf__proc__fundamentoLegal__28,0.010462219098813062,0.1695725444295898,tfidf,proc__fundamentoLegal,0.010462219098813062,0.010462219098813062,False
agg__despesas__programa__sum,-0.010419771760339463,0.09127288803311623,numerica,agg__despesas__programa__sum,-0.010419771760339463,0.010419771760339463,False
tfidf__item__participanteVencedor__eletrica,-0.010388944543077873,-0.07301940805802141,tfidf,item__participanteVencedor,-0.010388944543077873,0.010388944543077873,True
agg__despesas__ano__sum,-0.010381666220839447,0.09209798538467921,numerica,agg__despesas__ano__sum,-0.010381666220839447,0.010381666220839447,False
agg__despesas__subfuncao__sum,-0.010186521175667521,0.09656808701286548,numerica,agg__despesas__subfuncao__sum,-0.010186521175667521,0.010186521175667521,False
tfidf__item__participanteVencedor__materiais de,-0.01014525023625431,-0.13367241815273978,tfidf,item__participanteVencedor,-0.01014525023625431,0.01014525023625431,True
tfidf__item__participanteVencedor__de,0.010122286333280415,0.06967795451350364,tfidf,item__participanteVencedor,0.010122286333280415,0.010122286333280415,True
agg__participantes__itensProposta__id__sum,-0.009861527527616444,0.05980680357904999,numerica,agg__participantes__itensProposta__id__sum,-0.009861527527616444,0.009861527527616444,False
proc__formaContratacao_Inexigibilidade de licitação,0.009816199159076349,0.03882154735863311,one_hot,proc__formaContratacao,0.009816199159076349,0.009816199159076349,False
proc__motivoAnulacao_infrequent_sklearn,0.009787633381775945,0.01621949847115633,one_hot,proc__motivoAnulacao,0.009787633381775945,0.009787633381775945,False
agg__participantes__itensProposta__situacao__inabilitado__count__missing,0.009741911107888905,-0.17059639183801212,missing_indicator,agg__participantes__itensProposta__situacao__inabilitado__count,0.009741911107888905,0.009741911107888905,False
tfidf__item__participanteVencedor__eireli me,-0.009688504081635903,-0.11206424683664777,tfidf,item__participanteVencedor,-0.009688504081635903,0.009688504081635903,True
agg__despesas__funcao__sum,-0.009475162283781076,0.09657022332644952,numerica,agg__despesas__funcao__sum,-0.009475162283781076,0.009475162283781076,False
tfidf__item__participanteVencedor__materiais,-0.0094704334153126,-0.07564738940517898,tfidf,item__participanteVencedor,-0.0094704334153126,0.0094704334153126,True
proc__modalidade_Convite,-0.009113279357866232,-0.017272214762557952,one_hot,proc__modalidade,-0.009113279357866232,0.009113279357866232,False
agg__participantes__itensProposta__quantidade__max,0.009073821269147644,0.1353273955072283,numerica,agg__participantes__itensProposta__quantidade__max,0.009073821269147644,0.009073821269147644,False
tfidf__proc__objeto__do municipio,-0.009043882572389856,-0.06618926107973955,tfidf,proc__objeto,-0.009043882572389856,0.009043882572389856,False
proc__meioDivulgacao_DIARIO_OFICIAL_UNIAO,0.008982374805688606,-0.011879851374274693,one_hot,proc__meioDivulgacao,0.008982374805688606,0.008982374805688606,False
tfidf__proc__fundamentoLegal__22 iii,-0.008972777358047178,-0.016129417616698644,tfidf,proc__fundamentoLegal,-0.008972777358047178,0.008972777358047178,False
tfidf__proc__fundamentoLegal__iii,-0.008972777358047178,-0.016129417616698644,tfidf,proc__fundamentoLegal,-0.008972777358047178,0.008972777358047178,False
tfidf__item__participanteVencedor__jose,-0.00891657028926937,-0.11192070790839664,tfidf,item__participanteVencedor,-0.00891657028926937,0.00891657028926937,True
tfidf__item__participanteVencedor__construcao ltda,-0.00879932437657133,-0.11078689498856648,tfidf,item__participanteVencedor,-0.00879932437657133,0.00879932437657133,True
proc__modalidade_Pregão eletrônico,0.008661346292858462,0.1981203367245707,one_hot,proc__modalidade,0.008661346292858462,0.008661346292858462,False
tfidf__item__participanteVencedor__cia,-0.008578505586626931,-0.04346236948320112,tfidf,item__participanteVencedor,-0.008578505586626931,0.008578505586626931,True
tfidf__item__participanteVencedor__comercio,-0.008406968915208608,0.019453171256980355,tfidf,item__participanteVencedor,-0.008406968915208608,0.008406968915208608,True
tfidf__item__participanteVencedor__cia ltda,-0.00839520098004886,-0.04294597959644455,tfidf,item__participanteVencedor,-0.00839520098004886,0.00839520098004886,True
tfidf__proc__objeto__municipal,-0.00830387364411176,0.08551531710475703,tfidf,proc__objeto,-0.00830387364411176,0.00830387364411176,False
agg__despesas__numeroElemento__nunique,-0.008176189741887874,0.022212279989555588,numerica,agg__despesas__numeroElemento__nunique,-0.008176189741887874,0.008176189741887874,False
"proc__tipoObjeto_aquisição de Bens para Compra, inclusive por Encom",0.007929139638728065,0.10867970649286658,one_hot,proc__tipoObjeto,0.007929139638728065,0.007929139638728065,False
tfidf__item__participanteVencedor__comercio de,-0.007852868594413684,0.02755863253393714,tfidf,item__participanteVencedor,-0.007852868594413684,0.007852868594413684,True
proc__meioDivulgacao_DIARIO_OFICIAL_ESTADO,0.007839879450541494,-0.009897504198492526,one_hot,proc__meioDivulgacao,0.007839879450541494,0.007839879450541494,False
tfidf__item__participanteVencedor__luca,-0.0077355412028346825,0.024825477200348438,tfidf,item__participanteVencedor,-0.0077355412028346825,0.0077355412028346825,True
tfidf__item__participanteVencedor__automotivas ltda,-0.0077355412028346825,0.024825477200348438,tfidf,item__participanteVencedor,-0.0077355412028346825,0.0077355412028346825,True
tfidf__item__participanteVencedor__luca pecas,-0.0077355412028346825,0.024825477200348438,tfidf,item__participanteVencedor,-0.0077355412028346825,0.0077355412028346825,True
tfidf__item__participanteVencedor__pecas automotivas,-0.0077355412028346825,0.024825477200348438,tfidf,item__participanteVencedor,-0.0077355412028346825,0.0077355412028346825,True
tfidf__item__participanteVencedor__automotivas,-0.0077355412028346825,0.024825477200348438,tfidf,item__participanteVencedor,-0.0077355412028346825,0.0077355412028346825,True
tfidf__item__participanteVencedor__de luca,-0.0077355412028346825,0.024825477200348438,tfidf,item__participanteVencedor,-0.0077355412028346825,0.0077355412028346825,True
tfidf__item__participanteVencedor__servicos,0.007550403145068947,-0.04870840837196951,tfidf,item__participanteVencedor,0.007550403145068947,0.007550403145068947,True
agg__participantes__itensProposta__situacao__cancelado__count__missing,0.007532567151880695,-0.11373622023525348,missing_indicator,agg__participantes__itensProposta__situacao__cancelado__count,0.007532567151880695,0.007532567151880695,False
proc__formaContratacao_Licitação,0.007515103250252788,0.1971925925212205,one_hot,proc__formaContratacao,0.007515103250252788,0.007515103250252788,False
tfidf__item__participanteVencedor__fernandes materiais,-0.007466191483749198,-0.04622136375535736,tfidf,item__participanteVencedor,-0.007466191483749198,0.007466191483749198,True
tfidf__item__participanteVencedor__marcos fernandes,-0.007466191483749198,-0.04622136375535736,tfidf,item__participanteVencedor,-0.007466191483749198,0.007466191483749198,True
proc__formaJulgamento_MENOR PRECO POR ITEM,-0.00745344900064626,0.2390976392106532,one_hot,proc__formaJulgamento,-0.00745344900064626,0.00745344900064626,False
proc__terminoRecebimentoEnvelopes__dayofweek,0.007402287250453767,0.12006246619819048,numerica,proc__terminoRecebimentoEnvelopes__dayofweek,0.007402287250453767,0.007402287250453767,False
tfidf__item__participanteVencedor__marcos,-0.007370082779824707,-0.045526027575289126,tfidf,item__participanteVencedor,-0.007370082779824707,0.007370082779824707,True
proc__motivoRevogacao_Razões de Interesse Público,0.007355927507542876,-0.02086408533054436,one_hot,proc__motivoRevogacao,0.007355927507542876,0.007355927507542876,False
tfidf__item__participanteVencedor__com de,-0.007307048236655593,-0.05523448416704485,tfidf,item__participanteVencedor,-0.007307048236655593,0.007307048236655593,True
proc__formaContratacao_Convite,-0.0072828088638322965,-0.025407845311686158,one_hot,proc__formaContratacao,-0.0072828088638322965,0.0072828088638322965,False
tfidf__item__participanteVencedor__com,-0.007233113749420679,-0.04632661698534017,tfidf,item__participanteVencedor,-0.007233113749420679,0.007233113749420679,True
proc__formaJulgamento_MAIOR DESCONTO SOBRE TABELA/LOTE,0.007091904402871055,0.024062108216039588,one_hot,proc__formaJulgamento,0.007091904402871055,0.007091904402871055,False
proc__dataAberturaEnvelopes__dayofweek,0.007075701005678502,0.11456691169702313,numerica,proc__dataAberturaEnvelopes__dayofweek,0.007075701005678502,0.007075701005678502,False
proc__dataJulgamento__dayofweek,0.0069983315196174905,0.11351653719848902,numerica,proc__dataJulgamento__dayofweek,0.0069983315196174905,0.0069983315196174905,False
proc__enderecoCertame_Rua Domênico Sônego,-0.006942419173979514,-0.03032601545259518,one_hot,proc__enderecoCertame,-0.006942419173979514,0.006942419173979514,False
proc__enderecoEntrega_Rua Domênico Sônego,-0.006942419173979514,-0.03032601545259518,one_hot,proc__enderecoEntrega,-0.006942419173979514,0.006942419173979514,False
agg__itensVencedores__quantidade__max,0.006918036461741755,0.1832642031964976,numerica,agg__itensVencedores__quantidade__max,0.006918036461741755,0.006918036461741755,True
tfidf__item__descricao__para,0.0068683059392537615,0.07552986502298417,tfidf,item__descricao,0.0068683059392537615,0.0068683059392537615,False
agg__despesas__ano__max,0.006858491835978965,0.20363395629126085,numerica,agg__despesas__ano__max,0.006858491835978965,0.006858491835978965,False
proc__formaJulgamento_MAIOR VALOR DA OUTORGA,0.006716107066638603,0.039429151913195785,one_hot,proc__formaJulgamento,0.006716107066638603,0.006716107066638603,False
proc__formaJulgamento_CREDENCIAMENTO QTDADE RATEADA,0.006693749401485163,0.08393091516283493,one_hot,proc__formaJulgamento,0.006693749401485163,0.006693749401485163,False
proc__motivoRevogacao_infrequent_sklearn,0.006645722665589903,0.011348317266580423,one_hot,proc__motivoRevogacao,0.006645722665589903,0.006645722665589903,False
proc__formaJulgamento_MAIOR VALOR,0.006599570033504317,0.03623860318972634,one_hot,proc__formaJulgamento,0.006599570033504317,0.006599570033504317,False
proc__tipoObjeto_Compras,0.006512489771938853,0.06829601439424669,one_hot,proc__tipoObjeto,0.006512489771938853,0.006512489771938853,False
agg__despesas__programa__mean,0.006485367664218795,-0.029817163459308134,numerica,agg__despesas__programa__mean,0.006485367664218795,0.006485367664218795,False
proc__situacao_REVOGADO,0.006458757311665688,-0.014686773083360577,one_hot,proc__situacao,0.006458757311665688,0.006458757311665688,False
proc__situacao_infrequent_sklearn,0.006421942617048118,0.0121341572608946,one_hot,proc__situacao,0.006421942617048118,0.006421942617048118,False
agg__despesas__subfuncao__max,-0.006417080350620338,-0.043441019507832385,numerica,agg__despesas__subfuncao__max,-0.006417080350620338,0.006417080350620338,False
proc__dataRevogacao___missing__,-0.006334642023695906,0.014312973818110041,one_hot,proc__dataRevogacao,-0.006334642023695906,0.006334642023695906,False
agg__itensVencedores__codigo__sum,-0.006157417703877452,0.09402778450600509,numerica,agg__itensVencedores__codigo__sum,-0.006157417703877452,0.006157417703877452,True
tfidf__item__participanteVencedor__eireli,-0.006147793335991845,-0.02865436979508248,tfidf,item__participanteVencedor,-0.006147793335991845,0.006147793335991845,True
tfidf__proc__objeto__por,-0.0061040137508465925,-0.035896102169483794,tfidf,proc__objeto,-0.0061040137508465925,0.0061040137508465925,False
proc__formaContratacao_Outras Modalidades,0.006071958344825824,0.05288947976593552,one_hot,proc__formaContratacao,0.006071958344825824,0.006071958344825824,False
proc__enderecoEntrega_Rua: Domênico Sonego,0.005945296503795059,0.029669764513034696,one_hot,proc__enderecoEntrega,0.005945296503795059,0.005945296503795059,False
proc__enderecoCertame_Rua: Domênico Sonego,0.005945296503795059,0.029669764513034696,one_hot,proc__enderecoCertame,0.005945296503795059,0.005945296503795059,False
agg__participantes__itensProposta__situacao__cancelado__count,-0.0059115073261009,-0.0151801995670757,numerica,agg__participantes__itensProposta__situacao__cancelado__count,-0.0059115073261009,0.0059115073261009,False
agg__despesas__ano__mean,0.005909757586375553,0.20111123257088834,numerica,agg__despesas__ano__mean,0.005909757586375553,0.005909757586375553,False
agg__despesas__programa__max,0.005781793659781889,-0.020009207794270185,numerica,agg__despesas__programa__max,0.005781793659781889,0.005781793659781889,False
agg__empenhos__ano__mean__missing,0.0057342071806489574,-0.18256607914873393,missing_indicator,agg__empenhos__ano__mean,0.0057342071806489574,0.0057342071806489574,False
agg__empenhos__nomeCredor__nunique__missing,0.0057342071806489574,-0.18256607914873393,missing_indicator,agg__empenhos__nomeCredor__nunique,0.0057342071806489574,0.0057342071806489574,False
agg__empenhos__valor__min__missing,0.0057342071806489574,-0.18256607914873393,missing_indicator,agg__empenhos__valor__min,0.0057342071806489574,0.0057342071806489574,False
agg__empenhos__valor__max__missing,0.0057342071806489574,-0.18256607914873393,missing_indicator,agg__empenhos__valor__max,0.0057342071806489574,0.0057342071806489574,False
agg__empenhos__valor__mean__missing,0.0057342071806489574,-0.18256607914873393,missing_indicator,agg__empenhos__valor__mean,0.0057342071806489574,0.0057342071806489574,False
agg__empenhos__numero__sum__missing,0.0057342071806489574,-0.18256607914873393,missing_indicator,agg__empenhos__numero__sum,0.0057342071806489574,0.0057342071806489574,False
agg__empenhos__ano__max__missing,0.0057342071806489574,-0.18256607914873393,missing_indicator,agg__empenhos__ano__max,0.0057342071806489574,0.0057342071806489574,False
agg__empenhos__ano__min__missing,0.0057342071806489574,-0.18256607914873393,missing_indicator,agg__empenhos__ano__min,0.0057342071806489574,0.0057342071806489574,False
agg__empenhos__valor__sum__missing,0.0057342071806489574,-0.18256607914873393,missing_indicator,agg__empenhos__valor__sum,0.0057342071806489574,0.0057342071806489574,False
agg__empenhos__numero__mean__missing,0.0057342071806489574,-0.18256607914873393,missing_indicator,agg__empenhos__numero__mean,0.0057342071806489574,0.0057342071806489574,False
agg__empenhos__numero__max__missing,0.0057342071806489574,-0.18256607914873393,missing_indicator,agg__empenhos__numero__max,0.0057342071806489574,0.0057342071806489574,False
agg__empenhos__numero__min__missing,0.0057342071806489574,-0.18256607914873393,missing_indicator,agg__empenhos__numero__min,0.0057342071806489574,0.0057342071806489574,False
agg__empenhos__numero__nunique__missing,0.0057342071806489574,-0.18256607914873393,missing_indicator,agg__empenhos__numero__nunique,0.0057342071806489574,0.0057342071806489574,False
agg__empenhos__ano__sum__missing,0.0057342071806489574,-0.18256607914873393,missing_indicator,agg__empenhos__ano__sum,0.0057342071806489574,0.0057342071806489574,False
tfidf__item__participanteVencedor__comercial,-0.005689270962947898,0.0060208269140906686,tfidf,item__participanteVencedor,-0.005689270962947898,0.005689270962947898,True
tfidf__proc__objeto__para,0.005607534298216223,0.12525152023632175,tfidf,proc__objeto,0.005607534298216223,0.005607534298216223,False
agg__despesas__ano__min,0.005571187962274184,0.20047645884126208,numerica,agg__despesas__ano__min,0.005571187962274184,0.005571187962274184,False
proc__dataHomologacao__month,0.00543606959779431,-0.05610620891032949,numerica,proc__dataHomologacao__month,0.00543606959779431,0.00543606959779431,False
agg__empenhos__count,-0.005434233956932061,0.1812278057975735,numerica,agg__empenhos__count,-0.005434233956932061,0.005434233956932061,False
tfidf__item__participanteVencedor__equipamentos,-0.005080973615024704,-0.07362239171566543,tfidf,item__participanteVencedor,-0.005080973615024704,0.005080973615024704,True
tfidf__item__descricao__pvc,-0.004910573701783009,-0.02367465992100453,tfidf,item__descricao,-0.004910573701783009,0.004910573701783009,False
agg__contratos__nomeEntidade__nunique,0.00488499351195594,0.029831812438403396,numerica,agg__contratos__nomeEntidade__nunique,0.00488499351195594,0.00488499351195594,False
proc__tipoObjeto_Alienação de bens,0.004832868683941368,0.029393350388156173,one_hot,proc__tipoObjeto,0.004832868683941368,0.004832868683941368,False
proc__dataHomologacao__quarter,0.004758571375321937,-0.05645982048959852,numerica,proc__dataHomologacao__quarter,0.004758571375321937,0.004758571375321937,False
agg__itensVencedores__numero__min,-0.004703074178433884,-0.0769207094194978,numerica,agg__itensVencedores__numero__min,-0.004703074178433884,0.004703074178433884,True
proc__dataCriacao__dayofweek,0.004614902109519848,0.07372358062965043,numerica,proc__dataCriacao__dayofweek,0.004614902109519848,0.004614902109519848,False
agg__empenhos__ano__sum,-0.0045112031503006435,0.15330798522408962,numerica,agg__empenhos__ano__sum,-0.0045112031503006435,0.0045112031503006435,False
agg__empenhos__numero__nunique,-0.004504778188818067,0.153210840587301,numerica,agg__empenhos__numero__nunique,-0.004504778188818067,0.004504778188818067,False
agg__empenhos__valor__sum,0.004496750591519418,0.16646767208120614,numerica,agg__empenhos__valor__sum,0.004496750591519418,0.004496750591519418,False
agg__empenhos__ano__min,0.004464336876217581,0.052614736939257764,numerica,agg__empenhos__ano__min,0.004464336876217581,0.004464336876217581,False
proc__meioDivulgacao_MURAL_PUBLICO,-0.0044549448632749305,-0.06828697519469891,one_hot,proc__meioDivulgacao,-0.0044549448632749305,0.0044549448632749305,False
tfidf__item__descricao__com,0.004440335747444809,0.10622640717261415,tfidf,item__descricao,0.004440335747444809,0.004440335747444809,False
tfidf__item__descricao__ou,0.0044181848976860266,0.05162679913415441,tfidf,item__descricao,0.0044181848976860266,0.0044181848976860266,False
agg__empenhos__ano__max,0.004405722779722691,0.015035580038268746,numerica,agg__empenhos__ano__max,0.004405722779722691,0.004405722779722691,False
proc__dataCriacao__month,0.004376649136336541,-0.01629709059675251,numerica,proc__dataCriacao__month,0.004376649136336541,0.004376649136336541,False
agg__empenhos__numero__sum,-0.0043165584942068454,0.15133589843006648,numerica,agg__empenhos__numero__sum,-0.0043165584942068454,0.0043165584942068454,False
tfidf__item__descricao__mm,-0.004300195044104151,0.020991138504585043,tfidf,item__descricao,-0.004300195044104151,0.004300195044104151,False
tfidf__item__descricao__cabo,-0.004293499797019342,0.007388508777689263,tfidf,item__descricao,-0.004293499797019342,0.004293499797019342,False
proc__meioDivulgacao_JORNAL_DIVULGACAO_MUNICIPAL,-0.004225711964390924,0.006787684703420584,one_hot,proc__meioDivulgacao,-0.004225711964390924,0.004225711964390924,False
agg__participantes__itensProposta__situacao__desclassificado_lance__count,-0.004195847048016782,-0.011880563194372964,numerica,agg__participantes__itensProposta__situacao__desclassificado_lance__count,-0.004195847048016782,0.004195847048016782,False
proc__nomeEntidade_FUNDAÇÃO MUNICIPAL DE ESPORTES DE CRICIÚMA,0.004173624456491318,0.03054705802419857,one_hot,proc__nomeEntidade,0.004173624456491318,0.004173624456491318,False
tfidf__proc__fundamentoLegal__37 xxi,-0.0040697956160539945,0.032349082485495013,tfidf,proc__fundamentoLegal,-0.0040697956160539945,0.0040697956160539945,False
tfidf__proc__fundamentoLegal__xxi,-0.0040697956160539945,0.032349082485495013,tfidf,proc__fundamentoLegal,-0.0040697956160539945,0.0040697956160539945,False
tfidf__proc__fundamentoLegal__art 37,-0.0040697956160539945,0.032349082485495013,tfidf,proc__fundamentoLegal,-0.0040697956160539945,0.0040697956160539945,False
tfidf__proc__fundamentoLegal__37,-0.0040697956160539945,0.032349082485495013,tfidf,proc__fundamentoLegal,-0.0040697956160539945,0.0040697956160539945,False
agg__empenhos__ano__mean,0.004019309933559936,0.07298015351728461,numerica,agg__empenhos__ano__mean,0.004019309933559936,0.004019309933559936,False
tfidf__proc__fundamentoLegal__10520 2002,-0.003986322809548818,0.033872193206277185,tfidf,proc__fundamentoLegal,-0.003986322809548818,0.003986322809548818,False
tfidf__proc__fundamentoLegal__2002,-0.003986322809548818,0.033872193206277185,tfidf,proc__fundamentoLegal,-0.003986322809548818,0.003986322809548818,False
tfidf__proc__fundamentoLegal__lei 10520,-0.003986322809548818,0.033872193206277185,tfidf,proc__fundamentoLegal,-0.003986322809548818,0.003986322809548818,False
tfidf__proc__fundamentoLegal__10520,-0.003986322809548818,0.033872193206277185,tfidf,proc__fundamentoLegal,-0.003986322809548818,0.003986322809548818,False
tfidf__proc__fundamentoLegal__2002 art,-0.003986322809548818,0.033872193206277185,tfidf,proc__fundamentoLegal,-0.003986322809548818,0.003986322809548818,False
proc__situacao_HOMOLOGADO,-0.0039349366813552005,-0.003954440571694284,one_hot,proc__situacao,-0.0039349366813552005,0.0039349366813552005,True
agg__participantes__nomeFonecedor__nunique,-0.003912820719121168,0.1806094034190968,numerica,agg__participantes__nomeFonecedor__nunique,-0.003912820719121168,0.003912820719121168,False
agg__participantes__cnpjCpfFornecedor__nunique,-0.0038893084852234185,0.18096020216289094,numerica,agg__participantes__cnpjCpfFornecedor__nunique,-0.0038893084852234185,0.0038893084852234185,False
agg__participantes__count,-0.003888543083408698,0.1809620066329875,numerica,agg__participantes__count,-0.003888543083408698,0.003888543083408698,False
proc__nomeEntidade_FUNDAÇÃO CULTURAL DE CRICIÚMA,-0.003721685912767677,-0.046873615992054224,one_hot,proc__nomeEntidade,-0.003721685912767677,0.003721685912767677,False
proc__emailContato_fcc@criciuma.sc.gov.br,-0.003721685912767677,-0.046873615992054224,one_hot,proc__emailContato,-0.003721685912767677,0.003721685912767677,False
proc__enderecoCertame_Rua Coronel Pedro Benedet,-0.003721685912767677,-0.046873615992054224,one_hot,proc__enderecoCertame,-0.003721685912767677,0.003721685912767677,False
proc__enderecoEntrega_Rua Coronel Pedro Benedet,-0.003721685912767677,-0.046873615992054224,one_hot,proc__enderecoEntrega,-0.003721685912767677,0.003721685912767677,False
agg__participantes__itensProposta__situacao__desclassificado_lance__count__missing,0.0036623043166433542,-0.12525557806225035,missing_indicator,agg__participantes__itensProposta__situacao__desclassificado_lance__count,0.0036623043166433542,0.0036623043166433542,False
agg__contratos__numero__nunique,0.0035571338659477272,0.033052713782818335,numerica,agg__contratos__numero__nunique,0.0035571338659477272,0.0035571338659477272,False
proc__numeroProcesso,0.00354606815131463,-0.07466025013138813,numerica,proc__numeroProcesso,0.00354606815131463,0.00354606815131463,False
proc__formaJulgamento_MAIOR PERCENTUAL DE DESCONTO,-0.0035409977758170913,-0.1367369621055465,one_hot,proc__formaJulgamento,-0.0035409977758170913,0.0035409977758170913,False
tfidf__proc__objeto__atendimento,-0.0035333706727551043,0.16411162101802848,tfidf,proc__objeto,-0.0035333706727551043,0.0035333706727551043,False
proc__numeroLicitacao,0.0035258371094595876,-0.07473577788715277,numerica,proc__numeroLicitacao,0.0035258371094595876,0.0035258371094595876,False
agg__contratos__ano__sum,0.0035090681449801903,0.0328582081062735,numerica,agg__contratos__ano__sum,0.0035090681449801903,0.0035090681449801903,False
tfidf__proc__objeto__de saude,-0.003501322789085215,0.05965276982530759,tfidf,proc__objeto,-0.003501322789085215,0.003501322789085215,False
agg__participantes__itensProposta__situacao__inabilitado__count,-0.003409613124370096,0.06145412478747168,numerica,agg__participantes__itensProposta__situacao__inabilitado__count,-0.003409613124370096,0.003409613124370096,False
proc__nomeEntidade_FUNDO MUNICIPAL DE ASSISTENCIA SOCIAL DE CRICIUMA,-0.0034035562411785865,0.05279589074310744,one_hot,proc__nomeEntidade,-0.0034035562411785865,0.0034035562411785865,False
tfidf__item__descricao__nacional,-0.003361685048584575,-3.897123491645901e-05,tfidf,item__descricao,-0.003361685048584575,0.003361685048584575,False
tfidf__item__descricao__10,-0.0032638621207766046,0.025868242663268697,tfidf,item__descricao,-0.0032638621207766046,0.0032638621207766046,False
proc__formaContratacao_Pregão eletrônico,0.0032614654276553797,0.055113780789600955,one_hot,proc__formaContratacao,0.0032614654276553797,0.0032614654276553797,False
proc__dataCriacao__quarter,0.003249432074684241,-0.02457824975017232,numerica,proc__dataCriacao__quarter,0.003249432074684241,0.003249432074684241,False
tfidf__proc__fundamentoLegal__art 112,0.003201680140534066,0.009119669697539934,tfidf,proc__fundamentoLegal,0.003201680140534066,0.003201680140534066,False
tfidf__proc__fundamentoLegal__112,0.003201680140534066,0.009119669697539934,tfidf,proc__fundamentoLegal,0.003201680140534066,0.003201680140534066,False
proc__enderecoCertame_Rua Domênico Sônego.,-0.0031909846097733954,0.05136692354563987,one_hot,proc__enderecoCertame,-0.0031909846097733954,0.0031909846097733954,False
proc__enderecoEntrega_Rua Domênico Sônego.,-0.0031909846097733954,0.05136692354563987,one_hot,proc__enderecoEntrega,-0.0031909846097733954,0.0031909846097733954,False
tfidf__item__participanteVencedor__produtos,-0.003187272740065353,0.12567364915546564,tfidf,item__participanteVencedor,-0.003187272740065353,0.003187272740065353,True
proc__dataPublicacao__dayofweek,0.0031570988231550776,0.06222484535276562,numerica,proc__dataPublicacao__dayofweek,0.0031570988231550776,0.0031570988231550776,False
proc__meioDivulgacao_DIARIO_OFICIAL_MUNICIPIO,0.003155677362872652,0.024148005633922543,one_hot,proc__meioDivulgacao,0.003155677362872652,0.003155677362872652,False
proc__tipoObjeto_Contratação de Tecnologia da informação e de Comunicação,0.003072857015680935,0.04192813015091382,one_hot,proc__tipoObjeto,0.003072857015680935,0.003072857015680935,False
agg__despesas__numeroElemento__sum,-0.0030312999316796786,0.1528749546256677,numerica,agg__despesas__numeroElemento__sum,-0.0030312999316796786,0.0030312999316796786,False
tfidf__item__descricao__ml,-0.0030311865135318793,0.05742155953581748,tfidf,item__descricao,-0.0030311865135318793,0.0030311865135318793,False
tfidf__item__descricao__aco,-0.0028636438778981157,0.0011939700217547422,tfidf,item__descricao,-0.0028636438778981157,0.0028636438778981157,False
tfidf__item__descricao__flex,-0.0028618073252757695,-0.018571707853847777,tfidf,item__descricao,-0.0028618073252757695,0.0028618073252757695,False
agg__participantes__itensProposta__situacao__ex_vencedor__count,-0.002861355372265999,-0.01938291273281739,numerica,agg__participantes__itensProposta__situacao__ex_vencedor__count,-0.002861355372265999,0.002861355372265999,True
agg__empenhos__numero__min,-0.0028369661043633554,0.009515130048803092,numerica,agg__empenhos__numero__min,-0.0028369661043633554,0.0028369661043633554,False
proc__formaJulgamento_MAIOR LANCE,0.0028237644432111417,-0.10553585690253844,one_hot,proc__formaJulgamento,0.0028237644432111417,0.0028237644432111417,False
tfidf__item__descricao__luva,-0.0026702301908169334,-0.011208791187485955,tfidf,item__descricao,-0.0026702301908169334,0.0026702301908169334,False
proc__meioDivulgacao_JORNAL_DIVULGACAO_ESTADUAL,-0.0025989637526421935,-0.06939482632716909,one_hot,proc__meioDivulgacao,-0.0025989637526421935,0.0025989637526421935,False
tfidf__item__descricao__25,-0.00257218163158668,0.004266236332549242,tfidf,item__descricao,-0.00257218163158668,0.00257218163158668,False
tfidf__item__descricao__20,-0.002535828131866123,0.009536791882153728,tfidf,item__descricao,-0.002535828131866123,0.002535828131866123,False
proc__tipoObjeto_Locação,0.002489240415572674,0.02139769683987417,one_hot,proc__tipoObjeto,0.002489240415572674,0.002489240415572674,False
proc__nomeEntidade_PREFEITURA MUNICIPAL DE CRICIUMA,-0.002457609146212909,-0.0660242068550702,one_hot,proc__nomeEntidade,-0.002457609146212909,0.002457609146212909,False
agg__contratos__cnpjCpfContratado__nunique,0.0023854791772213095,0.02046615287855437,numerica,agg__contratos__cnpjCpfContratado__nunique,0.0023854791772213095,0.0023854791772213095,False
proc__dataPublicacao__month,0.0023721342588099337,-0.015680429001390907,numerica,proc__dataPublicacao__month,0.0023721342588099337,0.0023721342588099337,False
tfidf__item__descricao__branco,-0.0023665209860835932,0.006813387000946925,tfidf,item__descricao,-0.0023665209860835932,0.0023665209860835932,False
tfidf__item__descricao__cor,-0.002328042581685476,0.04059049869070216,tfidf,item__descricao,-0.002328042581685476,0.002328042581685476,False
agg__contratos__nomeContratado__nunique,0.0023188464875268312,0.020175245238265808,numerica,agg__contratos__nomeContratado__nunique,0.0023188464875268312,0.0023188464875268312,False
proc__formaJulgamento_MELHOR PRECO E TECNICA,0.002314068666215119,-0.001991637533490124,one_hot,proc__formaJulgamento,0.002314068666215119,0.002314068666215119,False
proc__meioDivulgacao_infrequent_sklearn,0.002243704539567952,0.015509906064892038,one_hot,proc__meioDivulgacao,0.002243704539567952,0.002243704539567952,False
tfidf__item__descricao__cm,0.0021260417392097524,0.04788906919340265,tfidf,item__descricao,0.0021260417392097524,0.0021260417392097524,False
agg__contratos__numero__sum,0.002060810197305213,0.05092836178735324,numerica,agg__contratos__numero__sum,0.002060810197305213,0.002060810197305213,False
proc__inicioRecebimentoEnvelopes__quarter,0.0019973739754643627,-0.023234028026221747,numerica,proc__inicioRecebimentoEnvelopes__quarter,0.0019973739754643627,0.0019973739754643627,False
tfidf__item__descricao__ar,-0.001957694115572472,-0.006481388563710723,tfidf,item__descricao,-0.001957694115572472,0.001957694115572472,False
tfidf__item__descricao__descartavel,-0.0019349939138881597,0.019853013948752402,tfidf,item__descricao,-0.0019349939138881597,0.0019349939138881597,False
tfidf__item__descricao__tamanho,-0.0018978641104878396,0.035055267282868584,tfidf,item__descricao,-0.0018978641104878396,0.0018978641104878396,False
tfidf__item__descricao__12,-0.0018369716509565419,0.017940628534148607,tfidf,item__descricao,-0.0018369716509565419,0.0018369716509565419,False
proc__formaJulgamento_MAIOR PERCENTUAL DESCONTO,-0.0018318853990673962,-0.0508728898525049,one_hot,proc__formaJulgamento,-0.0018318853990673962,0.0018318853990673962,False
agg__empenhos__nomeCredor__nunique,-0.001829677730395925,0.10120381460937924,numerica,agg__empenhos__nomeCredor__nunique,-0.001829677730395925,0.001829677730395925,False
proc__motivoAnulacao_Razões de Interesse Público,-0.0018031476782840719,-0.03388514691297441,one_hot,proc__motivoAnulacao,-0.0018031476782840719,0.0018031476782840719,False
proc__terminoRecebimentoEnvelopes__quarter,0.0017967383667200454,-0.016843568283609448,numerica,proc__terminoRecebimentoEnvelopes__quarter,0.0017967383667200454,0.0017967383667200454,False
proc__dataRevogacao_2020-02-05,-0.0017944340098103601,-0.0331951328046972,one_hot,proc__dataRevogacao,-0.0017944340098103601,0.0017944340098103601,False
proc__formaJulgamento_MENOR PREÇO POR LOTE,-0.0017618856367676201,0.0015104490959106025,one_hot,proc__formaJulgamento,-0.0017618856367676201,0.0017618856367676201,False
agg__participantes__itensProposta__situacao__ex_vencedor__count__missing,-0.001760697459588955,-0.030700816974788905,missing_indicator,agg__participantes__itensProposta__situacao__ex_vencedor__count,-0.001760697459588955,0.001760697459588955,True
proc__modalidade_Dispensa eletrônica,-0.0017433726102714568,-0.0004637204729284075,one_hot,proc__modalidade,-0.0017433726102714568,0.0017433726102714568,False
agg__despesas__funcao__max,-0.001742443591697536,0.006541969400255471,numerica,agg__despesas__funcao__max,-0.001742443591697536,0.001742443591697536,False
tfidf__item__descricao__pneu,-0.001713651076215297,0.07027688231025898,tfidf,item__descricao,-0.001713651076215297,0.001713651076215297,False
proc__meioDivulgacao_Mural Público,-0.0016844460700099011,0.012077690804052058,one_hot,proc__meioDivulgacao,-0.0016844460700099011,0.0016844460700099011,False
proc__tipoObjeto_Concessão,0.0016243031102791934,0.01287878510206358,one_hot,proc__tipoObjeto,0.0016243031102791934,0.0016243031102791934,False
proc__dataPublicacao__quarter,0.0015648131448893028,-0.022792605671904016,numerica,proc__dataPublicacao__quarter,0.0015648131448893028,0.0015648131448893028,False
tfidf__item__participanteVencedor__construcao,-0.001516797460881924,-0.10799927063964357,tfidf,item__participanteVencedor,-0.001516797460881924,0.001516797460881924,True
tfidf__item__descricao__agua,-0.001514061466198496,0.02123458064593321,tfidf,item__descricao,-0.001514061466198496,0.001514061466198496,False
proc__dataJulgamento__quarter,0.00148763458301747,-0.017186801174528872,numerica,proc__dataJulgamento__quarter,0.00148763458301747,0.00148763458301747,False
proc__enderecoCertame___missing__,-0.001484798621085787,0.015776010201993783,one_hot,proc__enderecoCertame,-0.001484798621085787,0.001484798621085787,False
proc__enderecoEntrega___missing__,-0.001484798621085787,0.015776010201993783,one_hot,proc__enderecoEntrega,-0.001484798621085787,0.001484798621085787,False
proc__emailContato___missing__,-0.001484798621085787,0.015776010201993783,one_hot,proc__emailContato,-0.001484798621085787,0.001484798621085787,False
tfidf__proc__nomeContato__dos,-0.0014847986210857805,0.015776010201993824,tfidf,proc__nomeContato,-0.0014847986210857805,0.0014847986210857805,False
tfidf__proc__nomeContato__neli,-0.0014847986210857805,0.015776010201993824,tfidf,proc__nomeContato,-0.0014847986210857805,0.0014847986210857805,False
tfidf__proc__nomeContato__neli sehnem,-0.0014847986210857805,0.015776010201993824,tfidf,proc__nomeContato,-0.0014847986210857805,0.0014847986210857805,False
tfidf__proc__nomeContato__santos,-0.0014847986210857805,0.015776010201993824,tfidf,proc__nomeContato,-0.0014847986210857805,0.0014847986210857805,False
tfidf__proc__nomeContato__dos santos,-0.0014847986210857805,0.015776010201993824,tfidf,proc__nomeContato,-0.0014847986210857805,0.0014847986210857805,False
tfidf__proc__nomeContato__sehnem,-0.0014847986210857805,0.015776010201993824,tfidf,proc__nomeContato,-0.0014847986210857805,0.0014847986210857805,False
tfidf__proc__nomeContato__sehnem dos,-0.0014847986210857805,0.015776010201993824,tfidf,proc__nomeContato,-0.0014847986210857805,0.0014847986210857805,False
agg__participantes__idFornecedor__sum__missing,0.001484798621022538,-0.015776010198633932,missing_indicator,agg__participantes__idFornecedor__sum,0.001484798621022538,0.001484798621022538,False
agg__participantes__idFornecedor__nunique__missing,0.001484798621022538,-0.015776010198633932,missing_indicator,agg__participantes__idFornecedor__nunique,0.001484798621022538,0.001484798621022538,False
agg__participantes__idFornecedor__mean__missing,0.001484798621022538,-0.015776010198633932,missing_indicator,agg__participantes__idFornecedor__mean,0.001484798621022538,0.001484798621022538,False
agg__participantes__idFornecedor__min__missing,0.001484798621022538,-0.015776010198633932,missing_indicator,agg__participantes__idFornecedor__min,0.001484798621022538,0.001484798621022538,False
agg__participantes__idFornecedor__max__missing,0.001484798621022538,-0.015776010198633932,missing_indicator,agg__participantes__idFornecedor__max,0.001484798621022538,0.001484798621022538,False
proc__dataAberturaEnvelopes__quarter,0.0014719893412236144,-0.01731638080878522,numerica,proc__dataAberturaEnvelopes__quarter,0.0014719893412236144,0.0014719893412236144,False
proc__situacao_Homologado,-0.0014503887753325791,0.015719080870256495,one_hot,proc__situacao,-0.0014503887753325791,0.0014503887753325791,True
tfidf__item__descricao__100,-0.0014088044178457548,0.02975708143437573,tfidf,item__descricao,-0.0014088044178457548,0.0014088044178457548,False
agg__empenhos__numero__max,0.0013981310520742036,0.032678393656991274,numerica,agg__empenhos__numero__max,0.0013981310520742036,0.0013981310520742036,False
agg__participantes__itensProposta__situacao__não_cotou__count__missing,0.0013245604045620185,-0.015446008987055185,missing_indicator,agg__participantes__itensProposta__situacao__não_cotou__count,0.0013245604045620185,0.0013245604045620185,False
proc__formaJulgamento_MENOR PREÇO GLOBAL MENSAL,-0.001323798965335037,-0.07773446813832867,one_hot,proc__formaJulgamento,-0.001323798965335037,0.001323798965335037,False
agg__despesas__id__min,0.0013201006921624513,-0.11335446042970161,numerica,agg__despesas__id__min,0.0013201006921624513,0.0013201006921624513,False
tfidf__item__descricao__caixa,-0.0013072085880491671,0.016841197556624284,tfidf,item__descricao,-0.0013072085880491671,0.0013072085880491671,False
proc__formaJulgamento_MENOR PREÇO POR HORA TRABALHADA,0.0012802644643961506,0.023956256782977428,one_hot,proc__formaJulgamento,0.0012802644643961506,0.0012802644643961506,False
agg__despesas__id__mean,0.0012498647992368887,-0.11173847169853846,numerica,agg__despesas__id__mean,0.0012498647992368887,0.0012498647992368887,False
tfidf__item__descricao__papel,-0.0012493062508694087,0.032442122633059886,tfidf,item__descricao,-0.0012493062508694087,0.0012493062508694087,False
tfidf__item__descricao__sem,-0.0012079319916559995,0.054036549598542316,tfidf,item__descricao,-0.0012079319916559995,0.0012079319916559995,False
tfidf__item__descricao__40,-0.0011637604111572146,0.02038201082749331,tfidf,item__descricao,-0.0011637604111572146,0.0011637604111572146,False
agg__despesas__numeroElemento__max,-0.0011437605031163545,0.1148999151423032,numerica,agg__despesas__numeroElemento__max,-0.0011437605031163545,0.0011437605031163545,False
proc__dataAberturaEnvelopes__month,-0.0011270306250446697,-0.01692847941477315,numerica,proc__dataAberturaEnvelopes__month,-0.0011270306250446697,0.0011270306250446697,False
proc__dataJulgamento__month,-0.001123565515231427,-0.016870036563822282,numerica,proc__dataJulgamento__month,-0.001123565515231427,0.001123565515231427,False
proc__formaJulgamento_MENOR PREÇO GLOBAL,-0.0011194088207631956,-0.010975545166045542,one_hot,proc__formaJulgamento,-0.0011194088207631956,0.0011194088207631956,False
agg__participantes__idFornecedor__max,-0.001107864264047474,-0.0078332541909176,numerica,agg__participantes__idFornecedor__max,-0.001107864264047474,0.001107864264047474,False
tfidf__item__descricao__mg,-0.0010682258999284106,0.06334327290243505,tfidf,item__descricao,-0.0010682258999284106,0.0010682258999284106,False
proc__inicioRecebimentoEnvelopes__month,-0.0010378050085703516,-0.02777584117654244,numerica,proc__inicioRecebimentoEnvelopes__month,-0.0010378050085703516,0.0010378050085703516,False
proc__formaJulgamento_MAIOR PERCENTUAL,-0.001015589359535902,-0.03267137629452925,one_hot,proc__formaJulgamento,-0.001015589359535902,0.001015589359535902,False
proc__nomeEntidade_FUNDO M.DOS DIR.DA CRIANCA E DO ADOLESC.- CRICIUMA,-0.0010026045186547925,-0.0019718956863453677,one_hot,proc__nomeEntidade,-0.0010026045186547925,0.0010026045186547925,False
agg__despesas__id__max,0.001002237838883284,-0.10166373685994289,numerica,agg__despesas__id__max,0.001002237838883284,0.001002237838883284,False
proc__dataRevogacao_2016-12-16,-0.0009931142384067624,-0.015239539130442264,one_hot,proc__dataRevogacao,-0.0009931142384067624,0.0009931142384067624,False
agg__participantes__idFornecedor__nunique,-0.0009815946873189916,-0.0056017325712475335,numerica,agg__participantes__idFornecedor__nunique,-0.0009815946873189916,0.0009815946873189916,False
agg__participantes__representanteCertame__nunique,-0.000954887514082488,0.16635371770170077,numerica,agg__participantes__representanteCertame__nunique,-0.000954887514082488,0.000954887514082488,False
agg__participantes__responsavelFornecedor__nunique,-0.0009454646135323912,0.16671181347500721,numerica,agg__participantes__responsavelFornecedor__nunique,-0.0009454646135323912,0.0009454646135323912,False
proc__formaJulgamento_MELHOR TECNICA,-0.0009011532208462473,-0.039857726636808886,one_hot,proc__formaJulgamento,-0.0009011532208462473,0.0009011532208462473,False
agg__participantes__idFornecedor__sum,-0.0008657386844269254,-0.006511983060789003,numerica,agg__participantes__idFornecedor__sum,-0.0008657386844269254,0.0008657386844269254,False
tfidf__item__descricao__tipo,0.000849841583969858,0.05740034720014816,tfidf,item__descricao,0.000849841583969858,0.000849841583969858,False
tfidf__item__descricao__tubo,-0.0008211654382530034,0.039446148833816155,tfidf,item__descricao,-0.0008211654382530034,0.0008211654382530034,False
tfidf__proc__objeto__saude,0.0008150755994998806,0.060092764021602726,tfidf,proc__objeto,0.0008150755994998806,0.0008150755994998806,False
proc__dataRevogacao_2024-01-18,-0.0008140806545922689,0.008674836919500543,one_hot,proc__dataRevogacao,-0.0008140806545922689,0.0008140806545922689,False
tfidf__proc__fundamentoLegal__15 ii,-0.0008055027801507515,-0.008101985777850753,tfidf,proc__fundamentoLegal,-0.0008055027801507515,0.0008055027801507515,False
proc__terminoRecebimentoEnvelopes__month,-0.0007816209080190429,-0.016423346122312853,numerica,proc__terminoRecebimentoEnvelopes__month,-0.0007816209080190429,0.0007816209080190429,False
tfidf__item__descricao__litros,-0.0007755775036190707,0.05222880035734388,tfidf,item__descricao,-0.0007755775036190707,0.0007755775036190707,False
proc__modalidade_infrequent_sklearn,0.000747980249188625,0.013998935331534484,one_hot,proc__modalidade,0.000747980249188625,0.000747980249188625,False
proc__tipoObjeto_Aquisição de bens,0.0007155476222703986,0.10234170651606263,one_hot,proc__tipoObjeto,0.0007155476222703986,0.0007155476222703986,False
agg__participantes__idFornecedor__min,-0.0006784139104203137,-0.009165746956381072,numerica,agg__participantes__idFornecedor__min,-0.0006784139104203137,0.0006784139104203137,False
agg__participantes__idFornecedor__mean,-0.0006596173656401613,-0.006490832920765634,numerica,agg__participantes__idFornecedor__mean,-0.0006596173656401613,0.0006596173656401613,False
proc__motivoRevogacao_Outros Casos de Revogação,-0.0006587052143662758,0.010816831364935475,one_hot,proc__motivoRevogacao,-0.0006587052143662758,0.0006587052143662758,False
proc__emailContato_saude@criciuma.sc.gov.br,-0.0006359208494422519,0.05577569670000449,one_hot,proc__emailContato,-0.0006359208494422519,0.0006359208494422519,False
proc__nomeEntidade_FUNDO MUNICIPAL DE SAUDE DE CRICIUMA,-0.0006359208494422519,0.05577569670000449,one_hot,proc__nomeEntidade,-0.0006359208494422519,0.0006359208494422519,False
agg__participantes__itensProposta__situacao__ex-vencedor__count__missing,0.0006027312141650824,-0.016229160682538938,missing_indicator,agg__participantes__itensProposta__situacao__ex-vencedor__count,0.0006027312141650824,0.0006027312141650824,True
proc__formaJulgamento_MENOR PREÇO POR ITEM,-0.0005661182502084583,0.026262465368899604,one_hot,proc__formaJulgamento,-0.0005661182502084583,0.0005661182502084583,False
agg__contratos__objeto__nunique,0.0005421697582084116,0.017997254053220644,numerica,agg__contratos__objeto__nunique,0.0005421697582084116,0.0005421697582084116,False
agg__despesas__programa__min,0.0005234146505360401,-0.03023394118054471,numerica,agg__despesas__programa__min,0.0005234146505360401,0.0005234146505360401,False
proc__dataRevogacao_2015-12-14,-0.0004955822710107179,0.0010798771341588784,one_hot,proc__dataRevogacao,-0.0004955822710107179,0.0004955822710107179,False
proc__meioDivulgacao_Internet,0.0004841103651334944,0.015002251178854488,one_hot,proc__meioDivulgacao,0.0004841103651334944,0.0004841103651334944,False
proc__dataRevogacao_2019-05-02,-0.00042331865353386917,0.008993367491225139,one_hot,proc__dataRevogacao,-0.00042331865353386917,0.00042331865353386917,False
agg__participantes__itensProposta__situacao__não_cotou__count,-0.0004143973488608131,-0.018099859592297915,numerica,agg__participantes__itensProposta__situacao__não_cotou__count,-0.0004143973488608131,0.0004143973488608131,False
agg__despesas__numeroElemento__min,0.00037041019222102057,0.12502487609505544,numerica,agg__despesas__numeroElemento__min,0.00037041019222102057,0.00037041019222102057,False
proc__dataHomologacao__dayofweek,0.00036919584263831444,0.03769783690715293,numerica,proc__dataHomologacao__dayofweek,0.00036919584263831444,0.00036919584263831444,False
proc__meioDivulgacao_INTERNET,-0.00036306982831277806,0.06533438428577437,one_hot,proc__meioDivulgacao,-0.00036306982831277806,0.00036306982831277806,False
agg__despesas__numeroElemento__mean,-0.0003329167044075849,0.11981163467576054,numerica,agg__despesas__numeroElemento__mean,-0.0003329167044075849,0.0003329167044075849,False
proc__tipoObjeto_Outras Obrigações,0.00031820742898467123,0.0022488391743361157,one_hot,proc__tipoObjeto,0.00031820742898467123,0.00031820742898467123,False
agg__participantes__itensProposta__quantidade__sum,-0.00031052920713902716,0.1118026153108842,numerica,agg__participantes__itensProposta__quantidade__sum,-0.00031052920713902716,0.00031052920713902716,False
tfidf__proc__fundamentoLegal__75,-0.00020387125515308464,0.008810102957445842,tfidf,proc__fundamentoLegal,-0.00020387125515308464,0.00020387125515308464,False
tfidf__proc__fundamentoLegal__art 75,-0.00020387125515308464,0.008810102957445842,tfidf,proc__fundamentoLegal,-0.00020387125515308464,0.00020387125515308464,False
tfidf__item__descricao__cpr,-0.00019674430424463656,0.07962016244018494,tfidf,item__descricao,-0.00019674430424463656,0.00019674430424463656,False
agg__itensVencedores__quantidade__sum,0.00016111664863696287,0.16921101946043035,numerica,agg__itensVencedores__quantidade__sum,0.00016111664863696287,0.00016111664863696287,True
agg__empenhos__numero__mean,0.00015334970588833465,-0.023704292508230328,numerica,agg__empenhos__numero__mean,0.00015334970588833465,0.00015334970588833465,False
proc__formaJulgamento_MAIOR DESCONTO SOBRE TABELA,7.892416811831703e-05,0.0978668748426992,one_hot,proc__formaJulgamento,7.892416811831703e-05,7.892416811831703e-05,False
agg__participantes__itensProposta__situacao__ex-vencedor__count,4.358791463002208e-05,-0.007740426242214445,numerica,agg__participantes__itensProposta__situacao__ex-vencedor__count,4.358791463002208e-05,4.358791463002208e-05,True
proc__tipoObjeto_infrequent_sklearn,-2.1833263698320222e-05,0.008494085233974108,one_hot,proc__tipoObjeto,-2.1833263698320222e-05,2.1833263698320222e-05,False
proc__tipoObjeto_Alienação,-1.9699419399979724e-05,-0.0885653832840185,one_hot,proc__tipoObjeto,-1.9699419399979724e-05,1.9699419399979724e-05,False
